PLAYER,SALARY,CAD_SALARY,BORN,AGE,TEAM,Number,Position,Handed,Years_EXP,Height,Weight,Games_Played,Goals,Assists,Points,Penalty_Min,PLUSMINUS,PP_Goals,SH_Goals,GW_Goals,SOG,Shot_PCT
"AALTO, ANTTI",495000,0,FINLAND,24,ANA,14,C,L,1,74,190,73,3,5,8,24,-12,2,0,0,61,4.8999999911
"ADAMS, KEVYN",467500,0,USA DC,24,TOR,42,C,R,1,73,195,1,0,0,0,0,0,0,0,0,1,0
"ALBELIN, TOMMY",1100000,0,SWEDEN,35,CAL,5,D,L,11,73,195,60,1,5,6,8,-11,0,0,0,54,1.8999999985
"ALFREDSSON, DANIEL",2600000,0,SWEDEN,26,OTT,11,R,R,3,71,194,58,11,22,33,14,8,3,0,5,163,6.6999999881
"ALLEN, CHRIS",775000,0,CAN ONT,21,FLA,12,D,R,1,74,193,1,0,0,0,0,1,0,0,0,0,0
"ALLISON, JAMIE",450000,0,CAN ONT,24,CHI,38,D,L,3,73,195,39,2,2,4,62,0,0,0,0,24,8.2999999821
"ALLISON, JASON",2600000,0,CAN ONT,24,BOS,41,C,R,5,74,205,82,23,53,76,68,5,5,1,3,158,14.599999994
"AMONTE, TONY",2900000,0,USA MA,29,CHI,10,R,L,8,72,190,82,44,31,75,60,0,14,3,8,256,17.1999999881
"ANDERSSON, MIKAEL",850000,0,SWEDEN,33,PHI,14,R,L,13,71,184,47,2,4,6,4,-7,0,0,0,51,3.8999999985
"ANDREYCHUK, DAVE",1200000,0,CAN ONT,35,NJ,23,L,R,16,75,220,52,15,13,28,20,1,4,0,3,110,13.599999994
"ANDRUSAK, GREG",350000,0,CAN BC,29,PIT,49,D,R,3,73,190,7,0,1,1,4,4,0,0,0,2,0
"ARMSTRONG, DEREK",385000,0,CAN ONT,26,NYR,18,C,R,4,71,188,3,0,0,0,0,0,0,0,0,1,0
"ARNOTT, JASON",1800000,0,CAN ONT,24,NJ,25,R,R,5,75,210,74,27,27,54,79,10,8,0,3,200,13.5
"ARVEDSON, MAGNUS",1100000,0,SWEDEN,27,OTT,20,R,L,1,74,198,80,21,26,47,50,33,0,4,6,136,15.3999999762
"ASHAM, ARRON",-999,0,CAN MAN,21,MON,45,R,R,0,71,176,7,0,0,0,0,-4,0,0,0,5,0
"ATCHEYNUM, BLAIR",500000,0,CAN SAS,30,STL,23,R,R,2,74,196,65,10,8,18,18,-8,2,0,2,93,10.7999999821
"AUBIN, SERGE",375000,0,CAN QUE,24,COL,44,C,L,0,73,194,1,0,0,0,0,0,0,0,0,1,0
"AUCOIN, ADRIAN",1500000,0,CAN ONT,26,VAN,6,D,R,4,73,194,82,23,11,34,77,-14,18,2,3,174,13.1999999881
"AUDET, PHILIPPE",400000,0,CAN ONT,22,DET,22,L,L,0,74,175,4,0,0,0,0,-2,0,0,0,3,0
"AUDETTE, DONALD",2200000,0,CAN QUE,29,LA,10,R,R,9,68,184,49,18,18,36,51,7,6,0,2,152,11.7999999821
"AUGUSTA, PATRIK",-999,0,CZECH,29,WAS,14,R,L,1,70,169,2,0,0,0,0,0,0,0,0,4,0
"AXELSSON, P.J.",650000,0,SWEDEN,24,BOS,11,L,L,1,73,175,77,7,10,17,18,-14,0,0,2,146,4.799999997
"BABYCH, DAVE",-999,0,CAN ALB,38,LA,44,D,L,18,74,215,41,2,6,8,22,-2,2,0,0,49,4.099999994
"BAKER, JAMIE",450000,0,CAN ONT,33,SJ,13,C,L,9,72,190,1,0,1,1,0,1,0,0,0,1,0
"BANNISTER, DREW",550000,0,CAN ONT,25,TB,55,D,R,3,73,200,21,1,2,3,24,-4,0,0,0,29,3.3999999985
"BARNABY, MATTHEW",1000000,0,CAN ONT,26,PIT,36,L,L,6,72,185,62,6,16,22,177,-12,1,0,3,79,7.599999994
"BARNES, STU",1500000,0,CAN ALB,28,BUF,41,C,R,7,70,174,81,20,16,36,30,-11,13,0,3,180,11.099999994
"BARON, MURRAY",2000000,0,CAN BC,32,VAN,23,D,L,9,75,222,81,2,6,8,115,-23,0,0,0,53,3.799999997
"BARTECKO, LUBOS",-999,0,CZECH,23,STL,56,L,L,0,73,200,32,5,11,16,6,4,0,0,1,37,13.5
"BASHKIROV, ANDREI",450000,0,USSR,29,MON,35,L,L,0,72,198,10,0,0,0,0,-3,0,0,0,4,0
"BASSEN, BOB",-999,0,CAN ALB,34,CAL,28,C,L,13,70,190,41,1,2,3,35,-13,0,0,0,47,2.099999994
"BAST, RYAN",925000,0,CAN ALB,24,PHI,32,D,L,0,74,190,2,0,1,1,0,0,0,0,0,1,0
"BATES, SHAWN",440000,0,USA MA,24,BOS,17,C,R,1,71,180,33,5,4,9,2,3,0,0,0,30,16.6999999881
"BATTAGLIA, BATES",500000,0,USA IL,23,CAR,13,L,L,1,74,185,60,7,11,18,22,7,0,0,0,52,13.5
"BAUMGARTNER, KEN",-999,0,CAN MAN,33,BOS,22,L,L,11,73,205,69,1,3,4,119,-6,0,0,0,15,6.6999999881
"BAUMGARTNER, NOLAN",700000,0,CAN ALB,23,WAS,38,D,R,2,73,200,5,0,0,0,0,-3,0,0,0,1,0
"BELAK, WADE",580000,0,CAN SAS,23,CAL,29,D,R,2,76,223,31,0,1,1,94,1,0,0,0,7,0
"BELANGER, KEN",525000,0,CAN ONT,25,BOS,16,R,L,4,76,225,54,2,5,7,182,-1,0,0,0,19,10.5
"BELLOWS, BRIAN",-999,0,CAN ONT,35,WAS,23,L,R,16,71,210,76,17,19,36,26,-12,8,0,3,166,10.1999999881
"BERANEK, JOSEF",700000,0,CZECH,29,EDM,20,C,L,6,72,189,66,19,30,49,23,6,7,0,2,160,11.8999999762
"BERARD, BRYAN",1500000,0,USA RI,22,TOR,34,D,L,2,73,190,69,9,25,34,48,1,4,0,5,135,6.6999999881
"BEREHOWSKY, DRAKE",-999,0,CAN ONT,27,NAS,15,D,R,7,73,211,74,2,15,17,140,-9,0,0,0,79,2.5
"BEREZIN, SERGEI",1750000,0,USSR,27,TOR,94,R,R,2,70,180,76,37,22,59,12,16,9,1,4,263,14.099999994
"BERG, BILL",-999,0,CAN ONT,31,OTT,9,L,L,9,73,200,44,2,2,4,28,4,0,0,0,40,5
"BERGEVIN, MARC",-999,0,CAN QUE,34,STL,4,D,L,14,72,197,52,1,1,2,99,-14,0,0,0,40,2.5
"BERTUZZI, TODD",1000000,0,CAN ONT,24,VAN,44,L,L,3,75,224,32,8,8,16,44,-6,1,0,3,72,11.099999994
"BERUBE, CRAIG",700000,0,CAN ALB,33,PHI,32,L,L,12,74,215,77,5,4,9,194,-10,0,0,0,52,9.599999994
"BETIK, KAREL",360000,0,CZECH,20,TB,6,D,L,0,74,208,3,0,2,2,2,-3,0,0,0,2,0
"BEUKEBOOM, JEFF",-999,0,CAN ONT,34,NYR,23,D,R,13,76,230,45,0,9,9,60,-2,0,0,0,8,0
"BICANEK, RADIM",400000,0,CZECH,24,CHI,32,D,L,3,73,199,14,0,0,0,10,-4,0,0,0,13,0
"BLACK, JAMES",650000,0,CAN SAS,30,WAS,28,R,L,8,71,185,75,16,14,30,14,5,1,1,3,135,11.8999999762
"BLAKE, JASON",900000,0,USA MN,25,LA,11,C,L,0,70,180,1,1,0,1,0,1,0,0,0,5,20
"BLAKE, ROB",5267500,0,CAN ONT,29,LA,4,D,R,9,75,220,62,12,23,35,128,-7,5,1,2,216,5.599999994
"BLOUIN, SYLVAIN",-999,0,CAN QUE,25,MON,53,L,L,2,74,210,5,0,0,0,19,0,0,0,0,1,0
"BODGER, DOUG",700000,0,CAN BC,33,LA,8,D,L,14,74,210,65,3,11,14,34,1,0,0,0,67,4.5
"BOHONOS, LONNY",425000,0,CAN MAN,26,TOR,16,L,R,3,71,190,7,3,0,3,4,3,0,0,0,13,23.0999999642
"BOILEAU, PATRICK",350000,0,CAN QUE,24,WAS,41,D,R,1,72,190,4,0,1,1,2,-4,0,0,0,7,0
"BOMBARDIR, BRAD",525000,0,CAN BC,27,NJ,6,D,L,1,74,195,56,1,7,8,16,-4,0,0,0,47,2.099999994
"BONDRA, PETER",3870362,0,USSR,31,WAS,12,R,L,8,71,200,66,31,24,55,56,-1,6,3,5,284,10.8999999762
"BONIN, BRIAN",450000,0,USA MN,25,PIT,17,C,L,0,70,185,5,0,0,0,0,-2,0,0,0,2,0
"BONK, RADEK",800000,0,CZECH,23,OTT,14,C,L,4,75,210,81,16,16,32,48,15,0,1,6,110,14.5
"BONSIGNORE, JASON",575000,0,USA NY,23,TB,64,C,R,3,76,220,23,0,3,3,8,-4,0,0,0,12,0
"BONVIE, DENNIS",350000,0,CAN NS,26,CHI,44,R,R,3,71,205,11,0,0,0,44,-4,0,0,0,1,0
"BORDELEAU, SEBASTIEN",500000,0,CAN BC,24,NAS,71,C,R,3,70,188,72,16,24,40,26,-14,1,2,3,168,9.5
"BOTTERILL, JASON",825000,0,CAN ALB,23,DAL,28,L,L,1,75,205,17,0,0,0,23,-2,0,0,0,8,0
"BOUCHARD, JOEL",675000,0,CAN QUE,25,NAS,42,D,L,4,72,190,64,4,11,15,60,-10,0,0,0,78,5.099999994
"BOUCHER, PHILIPPE",800000,0,CAN QUE,26,LA,43,D,R,6,74,195,45,2,6,8,32,-12,1,0,0,87,2.299999997
"BOUGHNER, BOB",850000,0,CAN ONT,28,NAS,6,D,R,3,73,206,79,3,10,13,137,-6,0,0,1,59,5.099999994
"BOURQUE, RAY",6000000,0,CAN QUE,38,BOS,77,D,L,19,71,219,81,10,47,57,34,-7,8,0,3,262,3.799999997
"BOYLE, DAN",415000,0,CAN ONT,23,FLA,26,D,R,0,71,190,22,3,5,8,6,0,1,0,1,31,9.6999999881
"BRASHEAR, DONALD",750000,0,USA IN,27,VAN,8,L,L,5,75,223,82,8,10,18,209,-25,2,0,1,112,7.099999994
"BRENNAN, RICHARD",-999,0,USA NY,26,NYR,12,D,R,2,74,200,24,1,3,4,23,-4,0,0,0,36,2.799999997
"BREWER, ERIC",925000,0,CAN BC,20,NYI,4,D,L,0,75,195,63,5,6,11,32,-14,2,0,0,63,7.8999999911
"BRIERE, DANIEL",800000,0,CAN QUE,21,PHO,8,C,R,1,69,160,64,8,14,22,30,-3,2,0,2,90,8.8999999762
"BRIND'AMOUR, ROD",3500000,0,CAN ONT,29,PHI,17,C,L,10,73,200,82,24,50,74,47,3,10,0,3,190,12.599999994
"BRISEBOIS, PATRICE",2000000,0,CAN QUE,28,MON,43,D,R,8,74,200,54,3,9,12,28,-8,1,0,1,90,3.299999997
"BROWN, BRAD",600000,0,CAN ONT,23,CHI,2,D,R,1,75,206,66,1,7,8,205,-4,0,0,0,26,3.799999997
"BROWN, CURTIS",1233333,0,CAN SAS,23,BUF,37,C,L,4,72,190,78,16,31,47,56,23,5,1,3,128,12.5
"BROWN, DOUG",950000,0,USA MA,35,DET,17,R,R,12,70,188,80,9,19,28,42,5,3,1,1,180,5
"BROWN, KEVIN",-999,0,ENGLAND,25,EDM,42,R,R,4,73,212,12,4,2,6,0,-2,2,0,0,13,30.7999999523
"BROWN, ROB",550000,0,CAN ONT,31,PIT,44,R,L,9,71,183,58,13,11,24,16,-15,9,0,1,78,16.6999999881
"BROWN, SEAN",440000,1,CAN ONT,22,EDM,23,D,L,2,75,205,51,0,7,7,188,1,0,0,0,27,0
"BRUNET, BENOIT",1100000,0,CAN QUE,31,MON,17,L,L,9,71,194,60,14,17,31,31,-1,4,2,0,115,12.1999999881
"BRUNETTE, ANDREW",425000,0,CAN ONT,26,NAS,19,L,L,3,72,212,77,11,20,31,26,-10,7,0,1,65,16.8999999762
"BRYLIN, SERGEI",475000,0,USSR,25,NJ,18,L,L,4,69,185,47,5,10,15,28,8,3,0,1,51,9.7999999821
"BUCHANAN, JEFF",-999,0,CAN ALB,27,COL,32,D,R,0,70,176,6,0,0,0,6,1,0,0,0,1,0
"BUCHBERGER, KELLY",800000,0,CAN SAS,32,EDM,16,R,L,12,74,200,52,4,4,8,68,-6,0,2,1,29,13.7999999821
"BULIS, JAN",800000,0,CZECH,21,WAS,8,C,L,1,72,194,38,7,16,23,6,3,3,0,3,57,12.2999999821
"BURE, PAVEL",8000000,0,USSR,28,FLA,10,R,L,7,71,189,11,13,3,16,4,3,5,1,0,44,29.5
"BURE, VALERI",1100000,0,USSR,25,CAL,8,R,R,4,69,179,80,26,27,53,22,0,7,0,4,260,10
"BUREAU, MARC",1100000,0,CAN QUE,33,PHI,28,C,R,9,72,202,71,4,6,10,10,-2,0,0,0,52,7.6999999881
"BURR, SHAWN",865508,0,CAN ONT,33,SJ,7,L,L,14,73,205,18,0,1,1,29,-3,0,0,0,22,0
"BURT, ADAM",1200000,0,USA MI,30,PHI,2,D,L,10,72,195,68,0,4,4,60,4,0,0,0,61,0
"BUTENSCHON, SVEN",385000,0,GERMANY,23,PIT,22,D,L,1,77,210,17,0,0,0,6,-7,0,0,0,8,0
"BUTSAYEV, VIACHESLAV",465000,0,USSR,28,OTT,7,C,L,4,74,200,3,0,1,1,4,-1,0,0,0,5,0
"BUZEK, PETR",325000,0,CZECH,22,DAL,34,D,L,1,72,190,2,0,0,0,2,0,0,0,0,0,0
"BYLSMA, DAN",400000,0,USA MI,28,LA,42,R,L,3,74,215,8,0,0,0,2,-1,0,0,0,3,0
"CAIRNS, ERIC",440000,0,CAN ONT,25,NYI,33,D,L,2,77,217,9,0,3,3,23,1,0,0,0,2,0
"CAMPBELL, JIM",-999,0,USA MA,26,STL,10,R,R,3,73,185,55,4,21,25,41,-8,1,0,0,99,4
"CARBONNEAU, GUY",800000,0,CAN QUE,39,DAL,21,C,R,17,71,184,74,4,12,16,31,-3,0,0,2,60,6.6999999881
"CARKNER, TERRY",2100000,0,CAN ONT,33,FLA,2,D,L,12,75,210,62,2,9,11,54,0,0,0,0,25,8
"CARNEY, KEITH",1650000,0,USA RI,29,PHO,3,D,L,7,73,205,82,2,14,16,62,15,0,2,0,62,3.1999999955
"CARPENTER, BOBBY",-999,0,USA MA,36,NJ,19,C,L,17,72,200,56,2,8,10,36,-3,0,0,0,69,2.8999999985
"CARTER, ANSON",850000,0,CAN ONT,25,BOS,33,R,R,2,73,185,55,24,16,40,22,7,6,0,6,123,19.5
"CASSELS, ANDREW",1850000,0,CAN ONT,30,CAL,21,C,L,9,72,185,70,12,25,37,18,-12,4,1,3,97,12.3999999762
"CHAMBERS, SHAWN",2000000,0,USA MI,32,DAL,27,D,L,11,74,200,61,2,9,11,18,6,1,0,1,82,2.3999999985
"CHARA, ZDENO",-999,0,CZECH,22,NYI,3,D,L,1,80,240,59,2,6,8,83,-8,0,1,0,56,3.599999994
"CHARRON, ERIC",400000,1,CAN QUE,29,CAL,38,D,L,6,75,195,12,0,1,1,14,-6,0,0,0,9,0
"CHASE, KELLY",-999,0,CAN SAS,31,STL,39,R,R,9,71,193,45,3,7,10,143,2,0,0,1,25,12
"CHEBATURKIN, VLADIMIR",385000,0,USSR,24,NYI,55,D,L,1,74,213,8,0,0,0,12,6,0,0,0,4,0
"CHELIOS, CHRIS",3735849,0,USA IL,37,DET,24,D,R,15,73,190,75,9,27,36,93,1,3,1,1,187,4.799999997
"CHIASSON, STEVE",-999,0,CAN ONT,32,CAR,3,D,L,12,72,205,28,1,8,9,16,7,1,0,0,74,1.3999999985
"CHORSKE, TOM",400000,0,USA MN,32,CAL,26,L,R,9,73,212,26,0,3,3,8,-8,0,0,0,44,0
"CICCARELLI, DINO",-999,0,CAN ONT,39,FLA,22,R,R,18,70,185,14,6,1,7,27,-1,5,0,1,23,26.0999999642
"CICCONE, ENRICO",-999,0,CAN QUE,29,WAS,39,D,L,7,76,220,59,3,1,4,127,-8,0,0,0,52,5.799999997
"CLARK, BRETT",409000,0,CAN SAS,22,MON,29,D,L,1,72,182,61,2,2,4,16,-3,0,0,0,36,5.599999994
"CLARK, WENDEL",1400000,0,CAN SAS,32,DET,71,L,L,13,71,194,77,32,16,48,37,-24,11,0,3,215,14.8999999762
"CLEARY, DANIEL",725000,0,CAN NFD,20,CHI,25,L,L,1,72,203,35,4,5,9,24,-1,0,0,0,49,8.1999999881
"CLOUTIER, SYLVAIN",400000,0,CAN QUE,25,CHI,14,C,L,0,72,195,7,0,0,0,0,-1,0,0,0,3,0
"COFFEY, PAUL",2500000,0,CAN ONT,38,CAR,77,D,L,18,73,190,54,2,12,14,28,-7,1,0,0,87,2.299999997
"CONROY, CRAIG",-999,0,USA NY,28,STL,22,C,R,4,74,198,69,14,25,39,38,14,0,1,1,134,10.3999999762
"CONVERY, BRANDON",-999,0,CAN ONT,27,LA,11,C,R,3,73,182,15,2,7,9,12,4,0,0,1,14,14.2999999821
"COOKE, MATT",350000,1,CAN ONT,21,VAN,24,L,L,0,71,192,30,0,2,2,27,-12,0,0,0,22,0
"CORBET, RENE",750000,0,CAN QUE,26,CAL,20,L,L,5,72,187,73,13,18,31,68,1,3,0,1,127,10.1999999881
"CORKUM, BOB",-999,0,USA MA,31,PHO,21,C,R,8,74,222,77,9,10,19,17,-9,0,0,0,146,6.1999999881
"CORSON, SHAYNE",2250000,0,CAN ONT,33,MON,27,C,L,13,72,199,63,12,20,32,147,-10,7,0,4,142,8.5
"COTE, PATRICK",450000,0,CAN QUE,24,NAS,17,R,L,3,74,199,70,1,2,3,242,-7,0,0,0,21,4.799999997
"COTE, SYLVAIN",1500000,0,CAN QUE,33,TOR,3,D,R,14,71,190,79,5,24,29,28,22,0,0,1,119,4.1999999881
"COURTNALL, GEOFF",-999,0,CAN BC,37,STL,14,L,L,15,73,195,24,5,7,12,28,2,1,0,2,60,8.2999999821
"COURTNALL, RUSS",-999,0,CAN BC,34,LA,19,R,R,15,71,185,57,6,13,19,19,-9,0,1,1,77,7.799999997
"CRAIG, MIKE",450000,0,CAN ONT,28,SJ,25,R,R,7,72,185,1,0,0,0,0,-1,0,0,0,1,0
"CRAVEN, MURRAY",1400000,0,CAN ALB,35,SJ,32,L,L,16,75,190,43,4,10,14,18,-3,0,1,1,55,7.299999997
"CROSS, CORY",900000,0,CAN SAS,28,TB,4,D,L,5,77,219,67,2,16,18,92,-25,0,0,0,96,2.099999994
"CROWE, PHIL",275000,0,CAN ALB,29,OTT,26,L,L,4,74,215,8,0,1,1,4,1,0,0,0,2,0
"CROWLEY, MIKE",-999,0,USA MN,24,ANA,25,D,L,1,71,180,20,2,3,5,16,-10,1,0,1,41,4.8999999911
"CROWLEY, TED",375000,0,USA MA,29,NYI,36,D,R,1,74,188,13,1,2,3,2,-1,1,0,0,20,5
"CULLEN, JOHN",-999,0,CAN ONT,35,TB,12,C,R,9,70,180,4,0,0,0,2,-2,0,0,0,3,0
"CULLEN, MATT",400000,0,USA MN,22,ANA,11,L,L,1,73,190,75,11,14,25,47,-12,5,1,1,112,9.7999999821
"CULLIMORE, JASSEN",775000,0,CAN ONT,26,TB,5,D,L,4,76,220,78,5,12,17,81,-22,1,1,1,73,6.799999997
"CUMMINS, JIM",660000,0,USA MI,29,PHO,15,R,R,7,74,210,55,1,7,8,190,3,0,0,0,26,3.799999997
"CUNNEYWORTH, RANDY",500000,0,CAN ONT,38,BUF,17,L,L,15,72,198,14,2,2,4,0,1,0,0,1,12,16.6999999881
"CZERKAWSKI, MARIUSZ",1000000,0,POLAND,27,NYI,25,L,L,5,71,195,78,21,17,38,14,-10,4,0,1,205,10.1999999881
"DACKELL, ANDREAS",800000,0,SWEDEN,26,OTT,10,R,R,2,70,191,77,15,35,50,30,9,6,0,3,107,14
"DAHL, KEVIN",-999,0,CAN SAS,30,TOR,4,D,R,6,71,190,3,0,0,0,2,0,0,0,0,0,0
"DAIGLE, ALEXANDRE",1000000,0,CAN QUE,24,TB,21,L,L,5,72,190,63,9,8,17,4,-13,4,0,1,82,11
"DAIGNEAULT, J.J.",750000,0,CAN QUE,33,PHO,33,D,L,13,71,190,70,2,9,11,70,-12,1,0,1,65,3.099999994
"DAMPHOUSSE, VINCENT",3000000,0,CAN QUE,31,SJ,25,C,L,12,73,191,77,19,30,49,50,-4,6,2,3,190,10
"DANDENAULT, MATHIEU",650000,0,CAN QUE,23,DET,11,D,R,3,72,174,75,4,10,14,59,17,0,0,0,94,4.299999997
"DANEYKO, KEN",1731137,0,CAN ONT,35,NJ,3,D,L,15,72,215,82,2,9,11,63,27,0,0,0,63,3.1999999955
"DANIELS, JEFF",300000,0,CAN ONT,31,NAS,32,L,L,7,73,200,9,1,3,4,2,-1,0,0,0,8,12.5
"DANIELS, SCOTT",-999,0,CAN SAS,29,NJ,22,L,L,5,75,210,1,0,0,0,0,0,0,0,0,0,0
"DAVIDSSON, JOHAN",875000,0,SWEDEN,23,ANA,22,R,L,0,71,170,64,3,5,8,14,-9,1,0,1,48,6.299999997
"DAWE, JASON",400000,0,CAN ONT,26,MON,21,R,L,5,70,189,59,6,8,14,22,0,1,0,1,81,7.3999999911
"DAZE, ERIC",2000000,0,CAN QUE,24,CHI,55,R,L,4,76,222,72,22,20,42,22,-13,8,0,2,189,11.599999994
"de VRIES, GREG",625000,0,CAN ONT,26,COL,7,D,L,3,75,218,73,1,3,4,64,-7,0,0,0,57,1.799999997
"DEADMARSH, ADAM",1800000,0,CAN BC,24,COL,18,C,R,4,72,195,66,22,27,49,99,-2,10,0,3,152,14.5
"DEAN, KEVIN",475000,0,USA WI,30,NJ,28,D,L,4,74,205,62,1,10,11,22,4,1,0,0,51,2
"DeBRUSK, LOUIE",400000,0,CAN ONT,31,PHO,29,L,L,7,73,215,15,0,0,0,34,-2,0,0,0,6,0
"DELISLE, JONATHAN",300000,0,CAN QUE,22,MON,42,R,R,0,70,193,1,0,0,0,0,0,0,0,0,0,0
"DELISLE, XAVIER",425000,0,CAN QUE,22,TB,43,C,R,0,71,182,2,0,0,0,0,0,0,0,0,1,0
"DELMORE, ANDY",-999,0,CAN ONT,22,PHI,43,D,R,0,73,192,2,0,1,1,0,-1,0,0,0,2,0
"DEMITRA, PAVOL",-999,0,CZECH,24,STL,38,L,L,5,72,189,82,37,52,89,16,13,14,0,10,259,14.2999999821
"DESJARDINS, ERIC",-999,0,CAN QUE,30,PHI,37,D,R,10,73,200,68,15,36,51,38,18,6,0,2,190,7.8999999911
"DEVEREAUX, BOYD",875000,0,CAN ONT,21,EDM,19,C,L,1,72,180,61,6,8,14,23,2,0,1,4,39,15.3999999762
"DIDUCK, GERALD",-999,0,CAN ALB,34,PHO,4,D,R,14,74,216,44,0,2,2,72,9,0,0,0,39,0
"DiMAIO, ROB",850000,0,CAN ALB,31,BOS,19,R,R,10,68,190,71,7,14,21,95,-14,1,0,0,121,5.799999997
"DINEEN, KEVIN",450000,0,CAN QUE,35,CAR,11,R,R,14,71,190,67,8,10,18,97,5,0,0,1,86,9.2999999821
"DINGMAN, CHRIS",425000,0,CAN ALB,23,COL,6,L,L,1,76,235,3,0,0,0,24,-2,0,0,0,1,0
"DOAN, SHANE",800000,0,CAN SAS,22,PHO,19,R,R,3,73,217,79,6,16,22,54,-5,0,0,0,156,3.799999997
"DOIG, JASON",450000,0,CAN QUE,22,PHO,55,D,R,2,75,216,9,0,1,1,10,2,0,0,0,0,0
"DOLLAS, BOBBY",-999,0,CAN QUE,34,PIT,8,D,L,13,74,212,70,2,8,10,60,-3,0,0,0,34,5.8999999911
"DOMENICHELLI, HNAT",525000,0,CAN ALB,23,CAL,17,C,L,2,72,180,23,5,5,10,11,-4,3,0,0,45,11.099999994
"DOMI, TIE",1557651,0,CAN ONT,29,TOR,28,R,R,9,70,200,72,8,14,22,198,5,0,0,1,65,12.2999999821
"DONATO, TED",1165000,0,USA MA,31,OTT,28,L,L,7,70,181,82,11,16,27,41,-8,3,0,0,106,10.3999999762
"DONOVAN, SHEAN",514250,0,CAN ONT,24,COL,12,R,R,4,74,200,68,7,12,19,37,4,1,0,1,81,8.599999994
"DOWD, JIM",350000,0,USA NJ,30,EDM,34,C,R,7,73,190,1,0,0,0,0,0,0,0,0,1,0
"DRAKE, DALLAS",1100000,0,CAN BC,30,PHO,11,R,L,6,72,185,53,9,22,31,65,17,0,0,3,105,8.599999994
"DRAPER, KRIS",875000,0,CAN ONT,28,DET,33,C,L,8,71,185,80,4,14,18,79,2,0,1,1,78,5.099999994
"DRURY, CHRIS",640000,0,USA CT,23,COL,37,R,R,0,70,180,79,20,24,44,62,9,6,0,3,138,14.5
"DRURY, TED",450000,0,USA MA,28,ANA,18,C,L,5,72,195,75,5,6,11,83,2,0,0,0,79,6.299999997
"DUBE, CHRISTIAN",-999,0,CAN QUE,22,NYR,14,C,R,1,71,170,6,0,0,0,0,0,0,0,0,0,0
"DUBINSKY, STEVE",675000,0,CAN QUE,29,CAL,18,C,L,5,72,190,62,4,10,14,14,-7,0,2,0,70,5.6999999881
"DUCHESNE, STEVE",1000000,0,CAN QUE,34,PHI,25,D,L,12,71,198,71,6,24,30,24,-6,2,0,2,118,5.099999994
"DUMONT, J.P.",875000,0,CAN QUE,21,CHI,17,L,L,0,73,187,25,9,6,15,10,7,0,0,2,42,21.3999999762
"DVORAK, RADEK",1100000,0,CZECH,22,FLA,19,L,R,3,73,185,82,19,24,43,29,7,0,4,0,182,10.3999999762
"DYKHUIS, KARL",800000,0,CAN QUE,27,PHI,24,D,L,6,74,200,78,4,5,9,50,-23,1,0,0,88,4.5
"DZIEDZIC, JOE",-999,0,USA MN,27,PHO,49,L,L,2,75,217,2,0,0,0,0,-2,0,0,0,1,0
"EAGLES, MIKE",350000,0,CAN NB,36,WAS,36,L,L,14,70,190,52,4,2,6,50,-5,0,0,0,41,9.7999999821
"EAKINS, DALLAS",350000,0,USA FL,32,TOR,2,D,L,6,74,195,18,0,2,2,24,3,0,0,0,11,0
"EASTWOOD, MIKE",-999,0,CAN ONT,32,STL,32,C,R,7,74,205,82,9,21,30,36,6,0,0,0,76,11.7999999821
"ELIAS, PATRIK",625000,0,CZECH,23,NJ,26,L,L,3,72,180,74,17,33,50,34,19,3,0,2,157,10.7999999821
"ELLETT, DAVE",-999,0,USA OH,35,BOS,44,D,L,14,73,200,54,0,6,6,25,11,0,0,0,45,0
"EMERSON, NELSON",1700000,0,CAN ONT,32,OTT,7,R,R,8,71,175,65,13,24,37,51,8,3,0,1,188,6.8999999911
"ERIKSSON, ANDERS",742000,0,SWEDEN,24,CHI,8,D,L,3,75,218,72,2,18,20,34,11,0,0,1,79,2.5
"FAIRCHILD, KELLY",350000,0,USA MN,26,DAL,39,C,L,2,71,188,1,0,0,0,0,0,0,0,0,4,0
"FALLOON, PAT",550000,0,CAN MAN,26,EDM,10,R,R,7,70,190,82,17,23,40,20,-4,8,0,2,152,11.1999999881
"FATA, RICO",975000,0,CAN ONT,19,CAL,44,L,L,0,71,202,20,0,1,1,4,0,0,0,0,13,0
"FEDOROV, SERGEI",2000000,0,USSR,29,DET,91,C,L,8,73,200,77,26,37,63,66,9,6,2,3,224,11.599999994
"FEDYK, BRENT",-999,0,CAN SAS,31,NYR,37,R,R,9,72,195,67,4,6,10,30,-11,0,1,0,47,8.5
"FERGUSON, SCOTT",350000,0,CAN ALB,26,ANA,21,D,L,1,73,195,2,0,1,1,0,0,0,0,0,1,0
"FERRARO, CHRIS",300000,0,USA NY,26,EDM,38,R,R,3,70,180,2,1,0,1,0,1,0,0,0,1,100
"FERRARO, PETER",450000,0,USA NY,26,BOS,42,C,R,3,70,180,46,6,8,14,44,10,1,0,1,61,9.7999999821
"FERRARO, RAY",1000000,0,CAN BC,35,LA,26,C,L,14,70,185,65,13,18,31,59,0,4,0,4,84,15.5
"FINLEY, JEFF",-999,0,CAN ALB,32,STL,37,D,L,9,74,205,32,1,2,3,20,11,0,0,0,16,6.299999997
"FITZGERALD, TOM",1600000,0,USA MA,31,NAS,21,L,R,10,73,191,80,13,19,32,48,-18,0,0,1,180,7.1999999881
"FITZPATRICK, RORY",-999,0,USA NY,24,STL,42,D,R,2,73,195,1,0,0,0,2,-3,0,0,0,0,0
"FLEURY, THEOREN",8500000,0,CAN SAS,31,COL,14,L,R,10,66,170,75,40,53,93,86,26,8,3,5,301,13.2999999821
"FOOTE, ADAM",3100000,0,CAN ONT,28,COL,52,D,R,7,73,202,64,5,16,21,92,20,3,0,0,83,6
"FORBES, COLIN",450000,0,CAN BC,23,TB,27,L,L,2,73,200,80,12,8,20,61,-5,0,1,4,117,10.2999999821
"FORSBERG, PETER",9000000,0,SWEDEN,26,COL,21,C,L,4,71,190,78,30,67,97,108,27,9,2,7,217,13.7999999821
"FRANCIS, RON",5000000,0,CAN ONT,36,CAR,21,C,L,17,74,200,82,21,31,52,34,-2,8,0,2,133,15.7999999821
"FRASER, SCOTT",1500000,0,CAN NB,27,NYR,21,R,R,2,73,200,28,2,4,6,14,-12,1,0,0,35,5.6999999881
"FRIEDMAN, DOUG",460918,0,USA ME,28,NAS,8,L,L,1,73,195,2,0,1,1,14,0,0,0,0,3,0
"FRIESEN, JEFF",2500000,0,CAN SAS,23,SJ,39,L,L,4,72,190,78,22,35,57,42,3,10,1,3,215,10.1999999881
"GAGNER, DAVE",2300000,0,CAN ONT,34,VAN,15,L,L,14,70,180,69,6,22,28,63,-16,2,0,1,100,6
"GAGNON, SEAN",500000,0,CAN ONT,26,PHO,48,D,L,1,74,210,2,0,0,0,7,-2,0,0,0,1,0
"GALANOV, MAXIM",475000,0,USSR,25,PIT,47,D,L,1,73,195,51,4,3,7,14,-8,2,0,0,44,9.099999994
"GALLEY, GARRY",1804000,0,CAN QUE,36,LA,3,D,L,14,72,204,60,4,12,16,30,-9,3,0,0,77,5.1999999881
"GARDINER, BRUCE",525000,0,CAN ONT,28,OTT,25,R,R,2,73,193,59,4,8,12,43,6,0,0,1,70,5.6999999881
"GARPENLOV, JOHAN",975000,0,SWEDEN,31,FLA,29,R,L,8,71,183,64,8,9,17,42,-9,0,1,0,71,11.2999999821
"GAUL, MIKE",400000,0,CAN QUE,26,COL,15,D,R,0,73,200,1,0,0,0,0,0,0,0,0,1,0
"GAUTHIER, DENIS",550000,0,CAN QUE,22,CAL,3,D,L,1,73,200,55,3,4,7,68,3,0,0,0,40,7.5
"GAVEY, AARON",450000,0,CAN ONT,25,DAL,23,C,L,3,73,185,7,0,0,0,10,-1,0,0,0,4,0
"GELINAS, MARTIN",1300000,0,CAN QUE,29,CAR,23,L,L,10,71,195,76,13,15,28,67,3,0,0,2,111,11.6999999881
"GILCHRIST, BRENT",1350000,0,CAN SAS,32,DET,41,L,L,10,71,180,5,1,0,1,0,-1,0,0,1,4,25
"GILL, HAL",700000,0,USA MA,24,BOS,25,D,L,1,78,230,80,3,7,10,63,-10,0,0,2,102,2.8999999985
"GILL, TODD",1500000,0,CAN ONT,33,DET,15,D,L,14,72,185,51,4,5,9,27,-10,1,0,1,61,6.599999994
"GILMOUR, DOUG",6000000,0,CAN ONT,36,CHI,93,C,L,15,71,175,72,16,40,56,56,-16,7,1,4,110,14.5
"GIRARD, JONATHAN",650000,0,CAN QUE,19,BOS,55,D,R,0,71,192,3,0,0,0,0,1,0,0,0,3,0
"GOLUBOVSKY, YAN",425000,0,USSR,23,DET,28,D,R,1,75,183,17,0,1,1,16,4,0,0,0,10,0
"GONCHAR, SERGEI",1800000,0,USSR,25,WAS,55,D,L,4,74,212,53,21,10,31,57,1,13,1,3,180,11.6999999881
"GORDON, ROBB",-999,0,CAN BC,23,VAN,7,C,R,0,71,180,4,0,0,0,2,0,0,0,0,1,0
"GRANATO, TONY",1950000,0,USA IL,35,SJ,21,R,R,10,70,185,35,6,6,12,54,4,0,1,1,65,9.1999999881
"GRAND-PIERRE, JEAN-LUC",362500,0,CAN QUE,22,BUF,34,D,R,0,75,207,16,0,1,1,17,0,0,0,0,11,0
"GRATTON, BENOIT",350000,0,CAN QUE,22,WAS,48,L,L,1,70,163,16,4,3,7,16,-1,0,0,0,24,16.6999999881
"GRATTON, CHRIS",1500000,0,CAN ONT,24,TB,77,C,L,5,75,220,78,8,26,34,143,-28,1,0,1,181,4.3999999911
"GRAVES, ADAM",-999,0,CAN ONT,31,NYR,9,L,L,11,71,205,82,38,15,53,47,-12,14,2,7,239,15.8999999762
"GREEN, JOSH",800000,0,CAN ALB,21,LA,21,L,L,0,75,197,27,1,3,4,8,-5,1,0,0,35,2.8999999985
"GREEN, TRAVIS",1800000,0,CAN BC,28,ANA,39,C,R,6,72,195,79,13,17,30,81,-7,3,1,2,165,7.8999999911
"GREIG, MARK",-999,0,CAN ALB,29,PHI,9,R,R,5,71,185,7,1,3,4,2,1,0,0,0,9,11.099999994
"GRETZKY, WAYNE",-999,0,CAN ONT,38,NYR,99,C,L,19,72,180,70,9,53,62,14,-23,3,0,3,132,6.799999997
"GRIER, MIKE",675000,0,USA MI,24,EDM,25,R,R,2,73,235,82,20,24,44,54,5,3,2,1,143,14
"GRIMSON, STU",500000,0,CAN BC,34,ANA,32,L,L,10,77,227,73,3,0,3,158,0,0,0,1,10,30
"GROSEK, MICHAL",750000,0,CZECH,24,BUF,18,L,R,5,74,207,76,20,30,50,102,21,4,0,3,140,14.2999999821
"GRUDEN, JOHN",405000,1,USA MN,29,OTT,24,D,L,3,72,189,13,0,1,1,8,0,0,0,0,10,0
"GUERIN, BILL",2600000,0,USA MA,28,EDM,9,R,R,7,74,210,80,30,34,64,133,7,13,0,2,261,11.5
"GUOLLA, STEVE",450000,0,CAN ONT,26,SJ,36,C,L,2,72,180,14,2,2,4,6,3,0,0,1,22,9.099999994
"GUREN, MIROSLAV",400000,0,CZECH,21,MON,48,D,L,0,74,210,12,0,1,1,4,-1,0,0,0,11,0
"GUSAROV, ALEXEI",1300000,0,USSR,35,COL,5,D,L,8,74,185,54,3,10,13,24,12,1,0,0,28,10.6999999881
"GUSEV, SERGEY",402500,0,USSR,24,TB,3,D,L,1,73,195,36,1,7,8,16,-3,0,0,1,46,2.1999999955
"HALKO, STEVEN",450000,0,CAN ONT,25,CAR,14,D,R,1,73,190,20,0,3,3,24,5,0,0,0,6,0
"HALLER, KEVIN",950000,0,CAN ALB,28,ANA,5,D,L,9,74,185,82,1,6,7,122,-1,0,0,0,64,1.5999999978
"HALVERSON, TREVOR",400000,0,CAN ONT,28,WAS,18,L,L,0,72,195,17,0,4,4,28,-5,0,0,0,16,0
"HAMRLIK, ROMAN",2250000,0,CZECH,25,EDM,22,D,L,6,74,202,75,8,24,32,70,9,3,0,0,172,4.6999999881
"HANDZUS, MICHAL",-999,0,CZECH,22,STL,26,C,L,0,75,191,66,4,12,16,30,-9,0,0,0,78,5.099999994
"HANNAN, SCOTT",775000,1,CAN BC,20,SJ,6,D,L,0,73,210,5,0,2,2,6,0,0,0,0,4,0
"HANSEN, TAVIS",325000,0,CAN SAS,24,PHO,47,C,R,2,73,180,20,2,1,3,12,-4,0,0,0,14,14.2999999821
"HARLOCK, DAVID",250000,0,CAN ONT,28,NYI,6,D,L,4,74,200,70,2,6,8,68,-16,0,0,0,35,5.6999999881
"HARVEY, TODD",800000,0,CAN ONT,24,NYR,20,R,R,4,71,200,37,11,17,28,72,-1,6,0,2,58,19
"HATCHER, DERIAN",3800000,0,USA MI,27,DAL,2,D,L,7,77,225,80,9,21,30,102,21,3,0,2,125,7.1999999881
"HATCHER, KEVIN",3100000,0,USA MI,33,PIT,4,D,R,14,76,232,66,11,27,38,24,11,4,2,3,131,8.3999999762
"HAY, DWAYNE",325000,0,CAN ONT,22,FLA,12,L,L,1,73,183,9,0,0,0,0,-1,0,0,0,3,0
"HECHT, JOCHEN",-999,0,GERMANY,22,STL,55,C,L,0,73,191,3,0,0,0,0,-2,0,0,0,4,0
"HEDICAN, BRET",1400000,0,USA MN,29,FLA,4,D,L,7,74,195,67,5,18,23,51,5,0,2,1,90,5.599999994
"HEINS, SHAWN",900000,0,CAN ONT,25,SJ,23,D,L,0,76,215,5,0,0,0,13,0,0,0,0,4,0
"HEINZE, STEPHEN",1200000,0,USA MA,29,BOS,23,L,R,7,71,195,73,22,18,40,30,7,9,0,3,146,15.099999994
"HEJDUK, MILAN",690000,0,CZECH,23,COL,23,R,R,0,71,163,82,14,34,48,26,8,4,0,5,178,7.8999999911
"HELENIUS, SAMI",300000,0,FINLAND,25,TB,3,D,L,1,77,225,8,1,0,1,23,-5,0,1,0,4,25
"HELMER, BRYAN",-999,0,CAN ONT,27,STL,36,D,R,0,73,190,40,0,4,4,42,5,0,0,0,49,0
"HENDERSON, JAY",390000,0,CAN ALB,20,BOS,51,L,L,0,71,188,4,0,0,0,2,-1,0,0,0,4,0
"HENDERSON, MATT",-999,0,USA MN,25,NAS,47,R,L,0,73,205,2,0,0,0,2,-1,0,0,0,0,0
"HENDRICKSON, DARBY",775000,0,USA MN,27,VAN,14,C,L,5,72,185,62,4,5,9,52,-19,1,0,0,70,5.6999999881
"HERR, MATT",385000,0,USA NJ,23,WAS,26,C,L,0,73,180,30,2,2,4,8,-7,1,0,0,40,5
"HEWARD, JAMIE",350000,0,CAN SAS,28,NAS,20,D,R,2,74,207,63,6,12,18,44,-24,4,0,1,124,4.799999997
"HICKS, ALEX",500000,0,CAN ALB,30,FLA,18,C,L,3,73,195,55,0,7,7,62,-5,0,0,0,51,0
"HIGGINS, MATT",825000,0,CAN ALB,21,MON,46,C,L,1,73,175,25,1,0,1,0,-2,0,0,0,12,8.2999999821
"HILL, SEAN",750000,0,USA MN,29,CAR,22,D,R,8,72,203,54,0,10,10,48,9,0,0,0,44,0
"HOGLUND, JONAS",400000,0,SWEDEN,27,MON,44,R,R,2,75,210,74,8,10,18,16,-5,1,0,0,122,6.599999994
"HOGUE, BENOIT",-999,0,CAN QUE,32,DAL,33,L,L,11,70,194,74,12,17,29,54,-10,2,0,3,121,9.8999999762
"HOLDEN, JOSH",775000,0,CAN ALB,21,VAN,21,C,L,0,71,167,30,2,4,6,10,-10,1,0,0,44,4.5
"HOLIK, BOBBY",2500000,0,CZECH,28,NJ,16,C,R,8,75,225,78,27,37,64,119,16,5,0,8,253,10.6999999881
"HOLLAND, JASON",467500,0,CAN BC,23,BUF,29,D,R,2,74,193,3,0,0,0,8,-1,0,0,0,2,0
"HOLMSTROM, TOMAS",-999,0,SWEDEN,26,DET,96,L,L,2,72,210,82,13,21,34,69,-11,5,0,4,100,13
"HOLZINGER, BRIAN",1000000,0,USA OH,26,BUF,19,C,R,4,71,190,81,17,17,34,45,2,5,0,2,143,11.8999999762
"HOSSA, MARIAN",700000,0,CZECH,20,OTT,18,L,L,1,72,190,60,15,15,30,37,18,1,0,2,124,12.099999994
"HOUDA, DOUG",350000,0,CAN ONT,33,DET,3,D,R,12,74,190,3,0,1,1,0,-2,0,0,0,1,0
"HOUDE, ERIC",450000,1,CAN QUE,22,MON,15,C,L,2,71,191,8,1,1,2,2,-2,0,0,1,4,25
"HOUGH, MIKE",-999,0,CAN QUE,36,NYI,18,L,L,13,73,197,11,0,0,0,2,-2,0,0,0,4,0
"HOULDER, BILL",1325000,0,CAN ONT,32,SJ,2,D,L,11,74,211,76,9,23,32,40,8,7,0,5,115,7.799999997
"HOUSLEY, PHIL",2500000,0,USA MN,35,CAL,6,D,L,16,70,190,79,11,43,54,52,14,4,0,1,193,5.6999999881
"HRDINA, JAN",500000,0,CZECH,23,PIT,38,C,R,0,72,197,82,13,29,42,40,-2,3,0,2,94,13.7999999821
"HRKAC, TONY",550000,0,CAN ONT,33,DAL,41,C,L,8,71,170,69,13,14,27,26,2,2,0,2,67,19.3999999762
"HUARD, BILL",400000,0,CAN ONT,32,EDM,28,L,L,6,73,215,3,0,0,0,0,0,0,0,0,2,0
"HULBIG, JOE",450000,0,USA MA,25,EDM,12,L,L,2,75,215,1,0,0,0,2,1,0,0,0,2,0
"HULL, BRETT",5500000,0,CAN ONT,35,DAL,22,R,R,13,70,201,60,32,26,58,30,19,15,0,11,192,16.6999999881
"HULL, JODY",535000,0,CAN ONT,30,PHI,8,R,R,10,74,200,72,3,11,14,12,-2,0,0,1,73,4.099999994
"HULSE, CALE",800000,0,CAN ALB,25,CAL,32,D,R,3,75,215,73,3,9,12,117,-8,0,0,0,83,3.599999994
"HUNTER, DALE",-999,0,CAN ONT,39,COL,32,C,L,18,70,200,62,2,9,11,119,-7,0,0,0,24,8.2999999821
"HURLBUT, MIKE",325000,0,USA NY,32,BUF,21,D,L,3,74,200,1,0,0,0,0,2,0,0,0,2,0
"HUSCROFT, JAMIE",400000,0,CAN BC,32,PHO,6,D,R,8,74,215,37,0,2,2,90,-4,0,0,0,27,0
"IGINLA, JAROME",1500000,0,CAN ALB,22,CAL,12,R,R,3,74,202,82,28,23,51,58,1,7,0,4,211,13.2999999821
"IGNATJEV, VICTOR",-999,0,USSR,29,PIT,23,D,L,0,75,198,11,0,1,1,6,-3,0,0,0,15,0
"ISBISTER, BRAD",350000,0,CAN ALB,22,PHO,16,R,R,1,74,205,32,4,4,8,46,1,0,0,2,48,8.2999999821
"JAGR, JAROMIR",10359852,0,CZECH,27,PIT,68,R,L,8,74,215,81,44,83,127,66,17,10,1,7,343,12.7999999821
"JAKOPIN, JOHN",412500,0,CAN ONT,24,FLA,15,D,L,1,77,220,3,0,0,0,0,-1,0,0,0,0,0
"JANNEY, CRAIG",-999,0,USA CT,31,NYI,11,C,L,11,73,190,56,5,22,27,14,-15,2,0,0,45,11.099999994
"JANSSENS, MARK",800000,0,CAN BC,31,CHI,20,C,L,11,75,212,60,1,0,1,65,-11,0,0,0,27,3.6999999955
"JOHANSSON, ANDREAS",400000,0,SWEDEN,26,OTT,21,L,L,3,70,200,69,21,16,37,34,1,7,0,6,144,14.599999994
"JOHANSSON, CALLE",1500000,0,SWEDEN,32,WAS,6,D,L,11,71,200,67,8,21,29,22,10,2,0,2,145,5.5
"JOHNSON, CRAIG",825000,0,USA MN,27,LA,23,L,L,4,74,197,69,7,12,19,32,-12,2,0,2,94,7.3999999911
"JOHNSON, GREG",890000,0,CAN ONT,28,NAS,22,C,L,5,70,185,68,16,34,50,24,-8,2,3,0,120,13.2999999821
"JOHNSON, MATT",775000,0,CAN ONT,23,LA,17,L,L,4,77,230,49,2,1,3,131,-5,0,0,0,14,14.2999999821
"JOHNSON, MIKE",850000,0,CAN NS,25,TOR,20,R,R,2,75,190,79,20,24,44,35,13,5,3,2,149,13.3999999762
"JOHNSON, RYAN",440000,0,CAN ONT,23,FLA,17,C,L,1,74,185,1,1,0,1,0,0,0,0,0,1,100
"JOKINEN, OLLI",587500,0,FINLAND,20,LA,12,C,L,1,74,200,66,9,12,21,44,-10,3,1,1,87,10.2999999821
"JOMPHE, J.F.",-999,0,CAN QUE,26,MON,30,C,L,3,73,195,7,0,0,0,2,0,0,0,0,4,0
"JONES, KEITH",1500000,0,CAN ONT,30,PHI,20,R,L,6,74,200,78,20,33,53,98,23,3,0,3,135,14.7999999821
"JONES, TY",925000,0,USA WA,20,CHI,27,R,R,0,75,210,8,0,0,0,12,-1,0,0,0,3,0
"JONSSON, KENNY",1850000,0,SWEDEN,24,NYI,29,D,L,4,75,195,63,8,18,26,34,-18,6,0,0,91,8.7999999821
"JOSEPH, CHRIS",450000,0,CAN BC,30,PHI,25,D,R,11,74,202,2,0,0,0,2,0,0,0,0,1,0
"JOVANOVSKI, ED",1900000,0,CAN ONT,23,VAN,55,D,L,3,74,205,72,5,22,27,126,-9,1,0,1,109,4.599999994
"JUNEAU, JOE",1700000,0,CAN QUE,31,BUF,90,L,L,7,72,190,72,15,28,43,22,-4,2,1,3,150,10
"KABERLE, TOMAS",360000,1,CZECH,21,TOR,15,D,L,0,73,186,57,4,18,22,12,3,0,0,2,71,5.599999994
"KAMENSKY, VALERI",6000000,0,USSR,33,COL,13,L,R,7,74,198,65,14,30,44,28,1,2,0,2,123,11.3999999762
"KAPANEN, SAMI",1800000,0,FINLAND,26,CAR,24,R,L,3,70,173,81,24,35,59,10,-1,5,0,7,254,9.3999999762
"KARIYA, PAUL",10000000,0,CAN BC,24,ANA,9,L,L,4,71,180,82,39,62,101,40,17,11,2,4,429,9.099999994
"KARPA, DAVID",990000,0,CAN SAS,28,CAR,33,D,R,7,73,210,33,0,2,2,55,1,0,0,0,21,0
"KARPOVTSEV, ALEXANDER",1800000,0,USSR,29,TOR,52,D,R,5,73,210,58,3,25,28,52,39,1,0,1,65,4.599999994
"KASPARAITIS, DARIUS",1400000,0,USSR,26,PIT,11,D,L,6,71,200,48,1,4,5,70,12,0,0,0,32,3.099999994
"KEANE, MIKE",1925000,0,CAN MAN,32,DAL,12,R,R,10,70,185,81,6,23,29,62,-2,1,1,1,106,5.6999999881
"KECZMER, DAN",400000,0,USA MI,31,NAS,2,D,L,8,73,190,38,0,1,1,34,-5,0,0,0,24,0
"KELLEHER, CHRIS",-999,0,USA MA,24,PIT,3,D,L,0,74,220,1,0,0,0,0,0,0,0,0,0,0
"KELLY, STEVE",550000,0,CAN BC,22,TB,11,L,L,2,73,190,34,1,3,4,27,-15,0,0,1,15,6.6999999881
"KENNEDY, MIKE",-999,0,CAN BC,27,NYI,67,C,R,4,73,170,1,0,0,0,2,0,0,0,0,0,0
"KESA, DAN",350000,0,CAN BC,27,PIT,25,C,R,2,72,198,67,2,8,10,27,-9,0,0,0,33,6.099999994
"KHRISTICH, DIMITRI",840000,0,USSR,30,BOS,12,R,R,8,73,195,79,29,42,71,48,11,13,1,6,144,20.0999999642
"KILGER, CHAD",847000,0,CAN ONT,22,EDM,15,C,L,3,76,204,77,15,12,27,34,-4,2,1,1,81,18.5
"KING, DEREK",-999,0,CAN ONT,32,TOR,7,L,L,12,73,212,81,24,28,52,20,15,8,0,4,150,16
"KING, KRIS",957755,0,CAN ONT,33,TOR,12,L,L,11,71,208,67,2,2,4,105,-16,0,1,1,34,5.8999999911
"KJELLBERG, PATRIK",800000,0,SWEDEN,30,NAS,10,R,L,1,74,196,71,11,20,31,24,-13,2,0,2,103,10.6999999881
"KLATT, TRENT",1100000,0,USA MN,28,VAN,26,R,R,7,73,210,75,4,10,14,12,-3,0,0,0,60,6.6999999881
"KLEE, KEN",575000,0,USA IN,28,WAS,2,R,R,4,73,205,78,7,13,20,80,-9,0,0,1,132,5.299999997
"KLEMM, JON",675000,0,CAN BC,29,COL,24,R,R,6,75,200,39,1,2,3,31,4,0,0,0,28,3.599999994
"KLIMA, PETR",-999,0,CZECH,34,DET,85,L,R,12,72,190,13,1,0,1,4,-3,0,0,1,12,8.2999999821
"KNUBLE, MIKE",700000,0,CAN ONT,27,NYR,22,R,R,2,75,215,82,15,20,35,26,-7,3,0,1,113,13.2999999821
"KOCUR, JOEY",475000,0,CAN ALB,34,DET,26,R,R,14,72,205,39,2,5,7,87,0,0,0,0,20,10
"KOHN, LADISLAV",400000,0,CZECH,24,TOR,39,R,L,2,70,180,16,1,3,4,4,1,0,0,0,23,4.299999997
"KOIVU, SAKU",3300000,0,FINLAND,24,MON,11,C,L,3,69,170,65,14,30,44,38,-7,4,2,0,145,9.6999999881
"KONOWALCHUK, STEVE",850000,0,USA UT,26,WAS,22,L,L,7,72,200,45,12,12,24,26,0,4,1,2,98,12.1999999881
"KORDIC, DAN",-999,0,CAN ALB,28,PHI,21,L,L,5,77,227,2,0,0,0,2,-1,0,0,0,0,0
"KOROLEV, IGOR",875000,0,USSR,29,TOR,22,R,L,6,73,187,66,13,34,47,46,11,1,0,2,99,13.099999994
"KOROLYUK, ALEXANDER",650000,0,USSR,23,SJ,15,L,L,1,69,170,55,12,18,30,26,3,2,0,0,96,12.5
"KOVALENKO, ANDREI",1320000,0,USSR,29,CAR,51,R,L,6,70,210,74,19,21,40,32,-6,3,0,4,104,18.2999999523
"KOVALEV, ALEXEI",2100000,0,USSR,26,PIT,27,R,L,6,72,200,77,23,30,53,49,2,6,1,5,191,12
"KOZLOV, VIKTOR",1350000,0,USSR,24,FLA,25,C,R,4,77,225,65,16,35,51,24,13,5,1,1,209,7.6999999881
"KOZLOV, VYACHESLAV",2100000,0,USSR,27,DET,13,L,L,7,70,185,79,29,29,58,45,10,6,1,4,209,13.8999999762
"KRAVCHUK, IGOR",2500000,0,USSR,33,OTT,29,D,L,7,73,200,79,4,21,25,32,14,3,0,0,171,2.299999997
"KRIVOKRASOV, SERGEI",850000,0,USSR,25,NAS,25,R,L,6,71,185,70,25,23,48,42,-5,10,0,6,208,12
"KRON, ROBERT",1000000,0,CZECH,32,CAR,18,L,L,8,70,182,75,9,16,25,10,-13,3,1,2,134,6.6999999881
"KRUPP, UWE",-999,0,GERMANY,34,DET,4,D,R,12,78,235,22,3,2,5,6,0,0,0,0,32,9.3999999762
"KRUSE, PAUL",575000,0,CAN BC,29,BUF,24,L,L,8,72,202,43,3,0,3,114,0,0,0,0,33,9.099999994
"KUBA, FILIP",330000,0,CZECH,22,FLA,33,D,L,0,75,202,5,0,1,1,0,2,0,0,0,5,0
"KUBINA, PAVEL",340000,0,CZECH,22,TB,13,D,R,1,75,213,68,9,12,21,80,-33,3,1,1,119,7.599999994
"KVASHA, OLEG",525000,0,USSR,21,FLA,16,R,R,0,77,205,68,12,13,25,45,5,4,0,2,138,8.6999999881
"LAAKSONEN, ANTTI",450000,0,FINLAND,25,BOS,57,L,L,0,72,180,11,1,2,3,2,-1,0,0,0,8,12.5
"LACHANCE, SCOTT",1210000,0,USA VA,26,MON,20,D,L,7,73,196,76,2,9,11,41,-21,1,0,0,59,3.3999999985
"LaCOUTURE, DAN",700000,1,USA MA,22,EDM,15,L,L,0,74,201,3,0,0,0,0,1,0,0,0,0,0
"LACROIX, DANIEL",350000,0,CAN QUE,30,EDM,21,L,L,5,74,200,4,0,0,0,13,0,0,0,0,5,0
"LACROIX, ERIC",750000,0,CAN QUE,28,NYR,28,L,L,5,73,205,64,2,2,4,18,-12,0,0,1,38,5.299999997
"LaFAYETTE, NATHAN",-999,0,CAN BC,26,LA,24,C,R,5,73,200,33,2,2,4,35,0,0,1,1,42,4.799999997
"LAFLAMME, CHRISTIAN",550000,0,USA MO,22,EDM,24,D,R,2,73,202,73,2,12,14,70,-3,0,0,0,68,2.8999999985
"LAKOVIC, SASHA",500000,0,CAN BC,28,NJ,32,L,L,2,73,207,16,0,3,3,59,0,0,0,0,10,0
"LAMBERT, DENNY",465000,0,CAN ONT,29,NAS,28,L,L,4,71,200,76,5,11,16,218,-3,1,0,0,66,7.599999994
"LANDRY, ERIC",450000,0,CAN QUE,24,CAL,26,C,L,1,71,190,3,0,1,1,0,1,0,0,0,1,0
"LANG, ROBERT",925000,0,CZECH,28,PIT,20,C,R,5,74,200,72,21,23,44,24,-10,7,0,3,137,15.2999999821
"LANGDON, DARREN",585000,0,CAN NFD,28,NYR,19,L,L,4,73,205,44,0,0,0,80,-3,0,0,0,8,0
"LANGENBRUNNER, JAMIE",1150000,0,CAN ALB,24,DAL,15,L,R,4,71,185,75,12,33,45,62,10,4,0,1,145,8.2999999821
"LANGKOW, DAYMOND",700000,0,CAN ALB,22,PHI,18,C,L,3,71,175,78,14,19,33,39,-8,4,1,2,150,9.2999999821
"LAPERRIERE, IAN",-999,0,CAN QUE,25,LA,22,C,R,5,73,195,72,3,10,13,138,-5,0,0,1,62,4.799999997
"LAPLANTE, DARRYL",400000,0,CAN ALB,22,DET,21,C,R,1,73,185,3,0,0,0,0,0,0,0,0,0,0
"LAPOINTE, CLAUDE",600000,0,CAN QUE,30,NYI,13,L,L,8,69,181,82,14,23,37,62,-19,2,2,1,134,10.3999999762
"LAPOINTE, MARTIN",1050000,0,CAN QUE,26,DET,20,R,R,7,71,205,77,16,13,29,141,7,7,1,4,153,10.5
"LARAQUE, GEORGES",360000,1,CAN QUE,22,EDM,27,R,R,1,75,230,39,3,2,5,57,-1,0,0,0,17,17.5999999642
"LARIONOV, IGOR",1700000,0,USSR,38,DET,8,C,L,8,69,170,75,14,49,63,48,13,4,2,2,83,16.8999999762
"LAROCQUE, MARIO",875000,0,CAN QUE,21,TB,71,D,L,0,74,182,5,0,0,0,16,-4,0,0,0,3,0
"LAUKKANEN, JANNE",797500,0,FINLAND,29,OTT,27,D,L,4,72,180,50,1,11,12,40,18,0,0,0,46,2.1999999955
"LAUS, PAUL",800000,0,CAN ONT,28,FLA,3,D,R,5,73,216,75,1,9,10,218,-1,0,0,0,54,1.8999999985
"LAWRENCE, MARK",775000,0,CAN ONT,27,NYI,44,R,R,3,76,215,60,14,16,30,38,-8,4,0,2,88,15.8999999762
"LEACH, STEPHEN",200000,0,USA MA,33,PHO,23,R,R,13,71,197,31,1,3,4,43,-7,0,0,0,27,3.6999999955
"LEBEAU, PATRICK",-999,0,CAN QUE,29,PIT,18,L,L,3,70,193,8,1,0,1,2,-2,0,0,0,4,25
"LECAVALIER, VINCENT",975000,0,CAN QUE,19,TB,8,C,L,0,76,180,82,13,15,28,23,-19,2,0,2,125,10.3999999762
"LeCLAIR, JOHN",3969123,0,USA VT,30,PHI,10,L,L,8,74,220,76,43,47,90,30,36,16,0,7,246,17.5
"LECLERC, MIKE",400000,0,CAN MAN,22,ANA,12,L,L,2,74,205,7,0,0,0,4,-2,0,0,0,1,0
"LEDYARD, GRANT",-999,0,CAN MAN,37,BOS,36,D,L,14,74,195,47,4,8,12,33,-8,1,0,2,47,8.5
"LEETCH, BRIAN",6680000,0,USA TX,31,NYR,2,D,L,11,71,190,82,13,42,55,42,-7,4,0,1,184,7.099999994
"LEFEBVRE, PATRICE",-999,0,CAN QUE,32,WAS,14,R,L,0,66,160,3,0,0,0,2,-2,0,0,0,2,0
"LEFEBVRE, SYLVAIN",2600000,0,CAN QUE,31,COL,2,D,L,9,74,205,76,2,18,20,48,18,0,0,0,64,3.099999994
"LEGWAND, DAVID",975000,0,USA MI,19,NAS,11,C,L,0,73,175,1,0,0,0,0,0,0,0,0,2,0
"LEHTINEN, JERE",1500000,0,FINLAND,26,DAL,26,L,R,3,72,185,74,20,32,52,18,29,7,1,2,173,11.599999994
"LEMIEUX, CLAUDE",2466823,0,CAN QUE,34,COL,22,R,R,15,73,215,82,27,24,51,102,0,11,0,8,292,9.1999999881
"LEROUX, JEAN-YVES",535000,0,CAN QUE,23,CHI,23,L,L,2,74,200,40,3,5,8,21,-7,0,0,0,47,6.3999999911
"LESCHYSHYN, CURTIS",1800000,0,CAN MAN,29,CAR,7,D,L,10,73,205,65,2,7,9,50,-1,0,0,0,35,5.6999999881
"LETOWSKI, TREVOR",330000,0,CAN ONT,22,PHO,50,C,R,0,70,170,14,2,2,4,2,1,0,0,0,8,25
"LIDSTER, DOUG",-999,0,CAN BC,39,DAL,6,D,R,14,73,195,17,0,0,0,10,0,0,0,0,7,0
"LIDSTROM, NICKLAS",6000000,0,SWEDEN,29,DET,5,D,L,7,73,185,81,14,43,57,14,14,6,2,3,205,6.799999997
"LINDEN, TREVOR",3000000,0,CAN ALB,29,NYI,32,C,R,10,76,210,82,18,29,47,32,-14,8,1,1,167,10.7999999821
"LINDGREN, MATS",625000,0,SWEDEN,24,NYI,10,C,L,2,74,200,60,10,15,25,24,6,3,1,1,83,12
"LINDQUIST, FREDRIK",-999,0,SWEDEN,26,EDM,7,C,L,0,71,176,8,0,0,0,2,-2,0,0,0,6,0
"LINDROS, ERIC",8500000,0,CAN ONT,26,PHI,88,C,R,6,76,229,71,40,53,93,120,35,10,1,2,242,16.5
"LINDSAY, BILL",750000,0,CAN MAN,28,FLA,11,L,L,7,71,190,75,12,15,27,92,-1,0,1,2,135,8.8999999762
"LOWRY, DAVE",150000,0,CAN ONT,34,SJ,26,L,L,13,73,200,61,6,9,15,24,-5,2,0,0,58,10.2999999821
"LUDWIG, CRAIG",-999,0,USA WI,38,DAL,3,D,L,16,75,217,80,2,6,8,87,5,0,0,0,39,5.099999994
"LUHNING, WARREN",350000,0,CAN ALB,24,NYI,48,R,R,1,74,185,11,0,0,0,8,-4,0,0,0,11,0
"LUKOWICH, BRAD",350000,0,CAN BC,23,DAL,37,D,L,1,73,170,14,1,2,3,19,3,0,0,0,8,12.5
"LUMME, JYRKI",3400000,0,FINLAND,33,PHO,20,D,L,10,73,205,60,7,21,28,34,5,1,0,4,121,5.799999997
"MacDONALD, CRAIG",735000,0,CAN NS,22,CAR,31,C,L,0,74,185,11,0,0,0,0,0,0,0,0,5,0
"MacINNIS, AL",-999,0,CAN NS,36,STL,2,D,R,17,74,200,82,20,42,62,70,33,11,1,2,314,6.3999999911
"MacLEAN, JOHN",2400000,0,CAN ONT,33,NYR,15,R,R,14,72,200,82,28,27,55,46,5,11,1,2,231,12.099999994
"MACOUN, JAMIE",-999,0,CAN ONT,38,DET,34,D,L,15,74,200,69,1,10,11,36,-1,0,0,0,62,1.5999999978
"MADDEN, JOHN",500000,0,CAN ONT,24,NJ,11,L,L,0,71,185,4,0,1,1,0,-2,0,0,0,4,0
"MALAKHOV, VLADIMIR",2750000,0,USSR,31,MON,38,D,L,6,75,227,62,13,21,34,77,-7,8,0,3,143,9.099999994
"MALGUNAS, STEWART",-999,0,CAN BC,29,WAS,3,D,L,5,72,200,10,0,0,0,6,-5,0,0,0,2,0
"MALHOTRA, MANNY",975000,0,CAN ONT,19,NYR,6,C,L,0,73,210,73,8,8,16,13,-2,1,0,2,61,13.099999994
"MALIK, MAREK",500000,0,CZECH,24,CAR,5,D,L,3,77,185,52,2,9,11,36,-6,1,0,0,36,5.599999994
"MALKOC, DEAN",435000,0,CAN BC,29,NYI,39,D,L,3,75,200,2,0,1,1,7,3,0,0,0,1,0
"MALTBY, KIRK",875000,0,CAN ONT,26,DET,18,L,R,5,72,180,53,8,6,14,34,-6,0,1,2,76,10.5
"MANDERVILLE, KENT",475000,0,CAN ALB,28,CAR,44,C,L,7,75,205,81,5,11,16,38,9,0,0,0,71,7
"MANELUK, MIKE",400000,0,CAN MAN,25,NYR,26,R,R,0,71,188,45,6,9,15,20,5,1,0,1,55,10.8999999762
"MANN, CAMERON",550000,0,CAN MAN,22,BOS,10,R,R,1,71,194,33,5,2,7,17,0,1,0,1,42,11.8999999762
"MANSON, DAVE",1650000,0,CAN SAS,32,CHI,22,D,L,12,74,210,75,6,17,23,155,1,2,0,0,145,4.099999994
"MARA, PAUL",925000,0,USA MA,20,TB,22,D,L,0,76,202,1,1,1,2,0,-3,1,0,0,1,100
"MARCHANT, TODD",1025000,0,USA NY,26,EDM,26,C,L,5,72,175,82,14,22,36,65,3,3,1,2,183,7.6999999881
"MARCHMENT, BRYAN",2000000,0,CAN ONT,30,SJ,27,D,L,10,73,205,59,2,6,8,101,-7,0,0,0,49,4.099999994
"MARHA, JOSEF",435000,0,CZECH,23,CHI,44,C,L,3,72,176,32,2,6,8,4,1,1,0,1,45,4.3999999911
"MARKOV, DANIIL",325000,0,USSR,23,TOR,55,D,L,1,71,185,57,4,8,12,47,5,0,0,0,34,11.7999999821
"MARLEAU, PATRICK",925000,0,CAN SAS,20,SJ,14,C,L,1,73,190,81,21,24,45,24,10,4,0,4,134,15.6999999881
"MARSHALL, GRANT",850000,0,CAN ONT,26,DAL,29,R,R,4,73,185,82,13,18,31,85,1,2,0,4,112,11.599999994
"MARSHALL, JASON",850000,0,CAN BC,28,ANA,23,D,R,5,75,200,72,1,7,8,142,-5,0,0,0,63,1.5999999978
"MARTINS, STEVE",375000,1,CAN QUE,27,OTT,16,C,L,3,69,175,36,4,3,7,10,4,1,0,1,27,14.7999999821
"MATHIEU, MARQUIS",350000,0,USA CT,26,BOS,61,C,R,0,71,190,9,0,0,0,8,-1,0,0,0,4,0
"MATTE, CHRISTIAN",425000,0,CAN QUE,24,COL,17,R,R,2,71,170,7,1,1,2,0,-2,0,0,0,9,11.099999994
"MATTEAU, STEPHANE",1100000,0,CAN QUE,30,SJ,37,R,L,8,75,215,68,8,15,23,73,2,0,0,0,72,11.099999994
"MATVICHUK, RICHARD",1700000,0,CAN ALB,26,DAL,24,D,L,6,74,190,64,3,9,12,51,23,1,0,0,54,5.599999994
"MAY, BRAD",1550000,0,CAN ONT,27,VAN,9,L,L,7,72,210,66,6,11,17,102,-14,1,0,1,91,6.599999994
"MAYERS, JAMAL",-999,0,CAN ONT,24,STL,21,C,R,1,72,205,34,4,5,9,40,-3,0,0,0,48,8.2999999821
"McALLISTER, CHRIS",415000,0,CAN SAS,24,TOR,33,D,L,1,79,238,48,1,3,4,102,-3,0,0,0,18,5.599999994
"McALPINE, CHRIS",-999,0,USA MN,27,STL,19,D,R,3,72,204,51,1,1,2,50,-10,0,0,0,56,1.799999997
"McAMMOND, DEAN",1025000,0,CAN BC,26,CHI,34,L,L,6,71,185,77,10,20,30,38,8,1,0,1,138,7.1999999881
"McBAIN, MIKE",750000,0,USA MA,22,TB,2,D,L,1,74,195,37,0,6,6,14,-11,0,0,0,22,0
"McCABE, BRYAN",1575000,0,CAN ONT,24,VAN,4,D,L,3,73,204,69,7,14,21,120,-11,1,2,0,98,7.099999994
"McCARTHY, SANDY",800000,0,CAN ONT,27,PHI,21,R,R,5,75,225,80,5,8,13,160,-24,1,0,0,107,4.6999999881
"McCARTY, DARREN",1650000,0,CAN BC,27,DET,25,R,R,5,73,215,69,14,26,40,108,10,6,0,1,140,10
"McCAULEY, ALYN",715000,0,CAN ONT,22,TOR,18,C,L,1,71,185,39,9,15,24,2,7,1,0,1,76,11.7999999821
"McCLEARY, TRENT",300000,0,CAN SAS,27,MON,6,C,R,2,72,180,46,0,0,0,29,-1,0,0,0,18,0
"McEACHERN, SHAWN",1300000,0,USA MA,30,OTT,15,L,L,7,73,195,77,31,25,56,46,8,7,0,4,223,13.8999999762
"McGILLIS, DAN",1600000,0,CAN ONT,27,PHI,3,D,L,2,74,215,78,8,37,45,61,16,6,0,4,164,4.8999999911
"McINNIS, MARTY",1300000,0,USA MA,29,ANA,16,R,R,7,71,180,81,19,35,54,42,-15,11,1,5,146,13
"McKAY, RANDY",1842852,0,CAN QUE,32,NJ,21,R,R,10,73,210,70,17,20,37,143,10,3,0,5,136,12.5
"McKEE, JAY",1233333,0,CAN ONT,22,BUF,74,D,L,3,74,195,72,0,6,6,75,20,0,0,0,57,0
"McKENNA, STEVE",-999,0,CAN ONT,26,LA,7,L,L,2,80,247,20,1,0,1,36,-3,0,0,0,12,8.2999999821
"McKENZIE, JIM",625000,0,CAN SAS,29,ANA,33,L,L,9,75,205,73,5,4,9,99,-18,1,0,1,59,8.5
"McLAREN, KYLE",1480000,0,CAN SAS,22,BOS,18,D,L,3,76,219,52,6,18,24,48,1,3,0,0,97,6.1999999881
"McSORLEY, MARTY",-999,0,CAN ONT,36,EDM,33,D,R,15,73,230,46,2,3,5,101,-5,0,0,0,29,6.8999999911
"MELLANBY, SCOTT",2400000,0,CAN QUE,33,FLA,27,R,R,13,73,199,67,18,27,45,85,5,4,0,3,136,13.1999999881
"MERTZIG, JAN",-999,0,SWEDEN,29,NYR,8,D,L,0,76,218,23,0,2,2,8,-5,0,0,0,10,0
"MESSIER, ERIC",450000,0,CAN QUE,25,COL,29,D,L,2,74,200,31,4,2,6,14,0,1,0,1,30,13.2999999821
"MESSIER, MARK",6000000,0,CAN ALB,38,VAN,11,C,L,19,73,205,59,13,35,48,33,-12,4,2,2,97,13.3999999762
"MILLAR, CRAIG",400000,0,CAN ONT,23,EDM,32,D,L,2,74,200,24,0,2,2,19,-6,0,0,0,18,0
"MILLER, AARON",825000,0,USA NY,28,COL,3,D,R,5,75,200,76,5,13,18,42,3,1,0,2,87,5.6999999881
"MILLER, KELLY",-999,0,USA MI,36,WAS,10,L,L,14,71,195,62,2,5,7,29,-5,0,0,1,49,4.099999994
"MILLER, KEVIN",375000,0,USA MI,34,NYI,11,C,R,10,70,190,33,1,5,6,13,-5,0,0,0,37,2.6999999955
"MILLER, KIP",500000,0,USA MI,30,PIT,37,L,L,6,70,175,77,19,23,42,22,1,1,0,4,125,15.1999999881
"MILLS, CRAIG",-999,0,CAN ONT,23,CHI,39,R,R,2,72,190,7,0,0,0,2,-2,0,0,0,1,0
"MIRONOV, BORIS",-999,0,USSR,27,CHI,3,D,R,5,75,205,75,11,38,49,131,13,5,0,4,173,6.3999999911
"MIRONOV, DMITRI",2750000,0,USSR,33,WAS,15,D,R,7,74,210,46,2,14,16,80,-5,2,0,0,86,2.299999997
"MODANO, MIKE",6000000,0,USA MI,29,DAL,9,C,L,10,75,190,77,34,47,81,44,29,6,4,7,224,15.1999999881
"MODIN, FREDRIK",775000,1,SWEDEN,24,TOR,19,R,L,2,75,220,67,16,15,31,35,14,1,0,3,108,14.7999999821
"MODRY, JAROSLAV",485000,0,CZECH,28,LA,33,D,L,4,74,219,5,0,1,1,0,1,0,0,0,11,0
"MOGER, SANDY",-999,0,CAN BC,30,LA,45,R,R,4,75,210,42,3,2,5,26,-9,0,0,2,28,10.6999999881
"MOGILNY, ALEXANDER",4600000,0,USSR,30,VAN,89,R,L,9,71,189,59,14,31,45,58,0,3,2,1,110,12.6999999881
"MORAN, IAN",500000,0,USA OH,27,PIT,24,D,R,4,71,185,62,4,5,9,37,1,0,1,0,65,6.1999999881
"MORE, JAY",800000,0,CAN MAN,30,NAS,4,D,R,9,73,215,18,0,2,2,18,2,0,0,0,24,0
"MOREAU, ETHAN",750000,0,CAN ONT,23,EDM,18,L,L,3,74,205,80,10,11,21,92,-3,0,0,2,96,10.3999999762
"MOROZOV, ALEKSEY",-999,0,USSR,22,PIT,95,L,L,1,73,185,67,9,10,19,14,5,0,0,0,75,12
"MORRIS, DEREK",-999,0,CAN ALB,21,CAL,53,D,R,1,71,185,71,7,27,34,73,4,3,0,2,150,4.6999999881
"MORRISETTE, DAVE",525000,1,CAN QUE,27,MON,36,L,L,0,73,224,10,0,0,0,52,1,0,0,0,2,0
"MORRISON, BRENDAN",500000,0,CAN BC,24,NJ,9,C,L,1,71,180,76,13,33,46,18,-4,5,0,2,111,11.6999999881
"MOWERS, MARK",350000,0,USA NY,25,NAS,18,R,R,0,71,188,30,0,6,6,4,-4,0,0,0,24,0
"MUCKALT, BILL",850000,0,CAN BC,25,VAN,17,R,R,0,72,190,73,16,20,36,98,-9,4,2,1,119,13.3999999762
"MUIR, BRYAN",425000,0,CAN MAN,26,CHI,37,D,L,3,76,215,54,1,4,5,50,1,0,0,0,82,1.1999999993
"MULLER, KIRK",-999,0,CAN ONT,33,FLA,9,C,L,14,72,205,82,4,11,15,49,-11,0,0,1,107,3.6999999955
"MURPHY, GORD",1800000,0,CAN ONT,32,FLA,5,D,R,10,74,198,51,0,7,7,16,4,0,0,0,56,0
"MURPHY, JOE",-999,0,CAN ONT,31,SJ,17,R,L,12,73,195,76,25,23,48,73,10,7,0,2,176,14.1999999881
"MURPHY, LARRY",2500000,0,CAN ONT,38,DET,55,D,R,18,74,218,80,10,42,52,42,21,5,1,2,168,6
"MURRAY, CHRIS",525000,0,CAN BC,24,CHI,15,R,R,4,74,214,42,1,6,7,79,-2,0,0,0,37,2.6999999955
"MURRAY, GLEN",1250000,0,CAN NS,26,LA,27,R,R,7,74,220,61,16,15,31,36,-14,3,3,3,173,9.1999999881
"MURRAY, REM",825000,0,CAN ONT,26,EDM,17,L,L,2,74,190,78,21,18,39,20,4,4,1,4,116,18.0999999642
"MURRAY, ROB",275000,0,CAN ONT,32,PHO,12,C,R,7,72,185,13,1,2,3,4,2,0,0,0,11,9.099999994
"MURZYN, DANA",-999,0,CAN ALB,32,VAN,5,D,L,13,74,210,12,0,2,2,21,1,0,0,0,7,0
"MUSIL, FRANK",450000,1,CZECH,34,EDM,8,D,L,12,75,215,39,0,3,3,34,0,0,0,0,9,0
"MYHRES, BRANTT",650000,0,CAN ALB,25,SJ,33,R,R,3,75,222,30,1,0,1,116,-2,0,0,0,7,14.2999999821
"NABOKOV, DMITRI",850000,0,USSR,22,NYI,37,C,R,1,74,216,4,0,2,2,2,4,0,0,0,4,0
"NASH, TYSON",-999,0,CAN ALB,24,STL,9,L,L,0,72,180,2,0,0,0,5,-1,0,0,0,1,0
"NASLUND, MARKUS",2250000,0,SWEDEN,26,VAN,19,L,L,5,71,186,80,36,30,66,74,-13,15,2,3,205,17.5999999642
"NASREDDINE, ALAIN",400000,0,CAN QUE,24,MON,56,D,L,0,73,201,15,0,0,0,52,-1,0,0,0,3,0
"NAZAROV, ANDREI",800000,0,USSR,27,CAL,62,L,R,5,76,230,62,7,9,16,73,-4,0,0,2,71,9.8999999762
"NDUR, RUMUN",-999,0,NIGERIA,24,NYR,36,D,L,2,74,200,39,1,3,4,62,-1,0,0,0,22,4.5
"NECKAR, STANISLAV",787500,0,CZECH,23,PHO,24,D,L,4,73,210,32,0,3,3,18,1,0,0,0,16,0
"NEDVED, PETR",3500000,0,CZECH,27,NYR,93,C,L,7,75,190,56,20,27,47,50,-6,9,1,3,153,13.099999994
"NELSON, JEFF",400000,0,CAN SAS,26,NAS,7,C,L,2,72,190,9,2,1,3,2,-1,0,0,0,8,25
"NEMCHINOV, SERGEI",1450000,0,USSR,35,NJ,12,L,L,7,72,200,77,12,8,20,28,-13,2,0,1,74,16.1999999881
"NEMECEK, JAN",330000,0,CZECH,23,LA,54,D,R,0,73,194,6,1,0,1,4,-1,0,0,1,8,12.5
"NEMIROVSKY, DAVID",-999,0,CAN ONT,23,FLA,26,R,R,3,73,192,2,0,1,1,0,1,0,0,0,2,0
"NICHOLLS, BERNIE",-999,0,CAN ONT,38,SJ,9,C,R,17,72,185,10,0,2,2,4,-4,0,0,0,11,0
"NICKULAS, ERIC",400000,0,USA MA,24,BOS,72,C,R,0,71,190,2,0,0,0,0,0,0,0,0,0,0
"NIEDERMAYER, ROB",2300000,0,CAN BC,24,FLA,44,C,L,5,74,200,82,18,33,51,50,-13,6,1,3,142,12.6999999881
"NIEDERMAYER, SCOTT",3250000,0,CAN ALB,26,NJ,27,D,L,7,72,200,72,11,35,46,26,16,1,1,3,161,6.799999997
"NIELSEN, JEFF",400000,0,USA MN,27,ANA,19,R,R,2,72,180,80,5,4,9,34,-12,0,0,2,94,5.299999997
"NIEUWENDYK, JOE",2600000,0,CAN ONT,33,DAL,25,C,L,12,73,195,67,28,27,55,34,11,8,0,8,157,17.7999999523
"NIINIMAA, JANNE",1500000,0,FINLAND,24,EDM,44,D,L,2,73,200,81,4,24,28,88,7,2,0,1,142,2.799999997
"NIKOLISHIN, ANDREI",1025000,0,USSR,26,WAS,13,C,L,4,71,185,73,8,27,35,28,0,0,1,1,121,6.599999994
"NILSON, MARCUS",875000,0,SWEDEN,21,FLA,12,R,R,0,73,183,8,1,1,2,5,2,0,0,1,7,14.2999999821
"NOLAN, OWEN",2750000,0,IRELAND,27,SJ,11,R,R,8,73,210,78,19,26,45,129,16,6,2,3,207,9.1999999881
"NOONAN, BRIAN",-999,0,USA MA,34,PHO,18,R,R,11,73,200,7,0,0,0,0,-3,0,0,0,1,0
"NORDSTROM, PETER",-999,0,SWEDEN,25,BOS,56,C,R,0,71,193,2,0,0,0,0,-1,0,0,0,0,0
"NORSTROM, MATTIAS",1200000,0,SWEDEN,27,LA,14,D,L,5,73,205,78,2,5,7,36,-10,0,1,0,61,3.299999997
"NORTON, JEFF",1967290,0,USA MA,33,SJ,5,D,L,11,74,200,72,4,18,22,44,2,2,0,1,70,5.6999999881
"NUMMINEN, TEPPO",2250000,0,FINLAND,31,PHO,27,D,R,10,73,195,82,10,30,40,30,3,1,0,0,156,6.3999999911
"NYLANDER, MICHAEL",852500,0,SWEDEN,26,TB,9,C,L,5,71,190,33,4,10,14,8,-9,1,0,0,33,12.099999994
"OATES, ADAM",2950000,0,CAN ONT,37,WAS,77,C,R,13,71,185,59,12,41,53,22,-1,3,0,0,79,15.1999999881
"ODELEIN, LYLE",1800000,0,CAN SAS,31,NJ,24,D,R,9,73,210,70,5,26,31,114,6,1,0,0,101,5
"ODGERS, JEFF",600000,0,CAN SAS,30,COL,36,L,R,7,72,200,75,2,3,5,259,-3,1,0,0,39,5.099999994
"ODJICK, GINO",800000,0,CAN QUE,29,NYI,24,L,L,8,74,210,23,4,3,7,133,-2,1,0,2,28,14.2999999821
"O'DONNELL, SEAN",1000000,0,CAN ONT,27,LA,6,D,L,4,74,224,80,1,13,14,186,1,0,0,0,64,1.5999999978
"OHLUND, MATTIAS",2000000,0,SWEDEN,23,VAN,2,D,L,1,75,217,74,9,26,35,83,-19,2,1,1,129,7
"OLAUSSON, FREDRIK",1000000,0,SWEDEN,32,ANA,2,D,R,12,74,198,74,16,40,56,30,17,10,0,2,121,13.1999999881
"OLCZYK, ED",400000,0,USA IL,33,CHI,16,C,L,14,73,205,61,10,15,25,29,-3,2,1,2,88,11.3999999762
"OLIVER, DAVID",350000,0,CAN BC,28,OTT,12,R,R,3,71,190,17,2,5,7,4,1,0,0,0,18,11.099999994
"OLIWA, KRZYSZTOF",700000,0,POLAND,26,NJ,29,L,L,2,77,235,64,5,7,12,240,4,0,0,1,59,8.5
"O'NEILL, JEFF",605000,0,CAN ONT,23,CAR,92,C,R,3,73,190,75,16,15,31,66,3,4,0,2,121,13.1999999881
"ORSZAGH, VLADIMIR",275000,0,CZECH,22,NYI,49,R,L,1,71,173,12,1,0,1,6,2,0,0,0,5,20
"O'SULLIVAN, CHRIS",475000,0,USA MA,25,CAL,19,D,L,2,74,190,10,0,1,1,2,-1,0,0,0,10,0
"OZOLINSH, SANDIS",4000000,0,USSR,27,COL,8,D,L,6,73,195,39,7,25,32,22,10,4,0,3,81,8.599999994
"PALFFY, ZIGMUND",5000000,0,CZECH,27,NYI,16,R,L,5,70,183,50,22,28,50,34,-6,5,2,1,168,13.099999994
"PANDOLFO, JAY",400000,0,USA MA,24,NJ,20,L,L,2,73,200,70,14,13,27,10,3,1,1,4,100,14
"PANKEWICZ, GREG",-999,0,CAN ALB,28,CAL,33,R,R,1,72,190,18,0,3,3,20,0,0,0,0,10,0
"PARK, RICHARD",-999,0,KOREA,23,PHI,15,C,R,4,71,176,7,0,0,0,0,-1,0,0,0,5,0
"PARKER, SCOTT",525000,0,USA CA,21,COL,27,R,R,0,76,218,27,0,0,0,71,-3,0,0,0,3,0
"PARRISH, MARK",875000,0,USA MN,22,FLA,21,R,R,0,72,182,73,24,13,37,25,-6,5,0,5,129,18.5999999642
"PATRICK, JAMES",600000,0,CAN MAN,36,BUF,3,D,R,15,74,200,45,1,7,8,16,12,0,0,0,31,3.1999999955
"PECA, MIKE",1650000,0,CAN ONT,25,BUF,27,C,R,5,71,181,82,27,29,56,81,7,10,0,8,199,13.599999994
"PEDERSON, DENIS",825000,0,CAN SAS,24,NJ,10,R,R,3,74,195,76,11,12,23,66,-10,3,0,1,145,7.599999994
"PELLERIN, SCOTT",-999,0,CAN NB,29,STL,33,L,L,5,71,180,80,20,21,41,42,1,0,5,4,138,14.5
"PELTONEN, VILLE",800000,0,FINLAND,26,NAS,16,L,L,2,71,180,14,5,5,10,2,1,1,0,0,31,16.0999999642
"PERREAULT, YANIC",1050000,0,CAN QUE,28,TOR,44,C,L,5,71,188,76,17,25,42,42,7,4,3,3,141,12.099999994
"PERSSON, RICARD",-999,0,SWEDEN,30,STL,7,D,L,3,73,205,54,1,12,13,94,4,0,0,0,52,1.8999999985
"PETERSON, BRENT",375000,0,CAN ALB,27,TB,27,L,L,2,75,206,20,2,1,3,0,-2,0,0,0,16,12.5
"PETROVICKY, ROBERT",600000,0,CZECH,25,TB,14,C,L,5,71,172,28,3,4,7,6,-8,0,0,0,32,9.3999999762
"PHILLIPS, CHRIS",-999,0,CAN ALB,21,OTT,4,D,L,1,74,200,34,3,3,6,32,-5,2,0,0,51,5.8999999911
"PICARD, MICHEL",-999,0,CAN QUE,29,STL,34,L,L,6,71,190,45,11,11,22,16,5,0,0,2,69,15.8999999762
"PILON, RICHARD",1700000,0,CAN SAS,31,NYI,2,D,L,10,72,205,52,0,4,4,88,-8,0,0,0,27,0
"PITLICK, LANCE",1200000,0,USA MN,31,OTT,2,D,R,4,72,203,50,3,6,9,33,7,0,0,0,34,8.7999999821
"PITTIS, DOMENIC",375000,0,CAN ALB,24,BUF,83,C,L,1,71,180,3,0,0,0,2,0,0,0,0,1,0
"PIVONKA, MICHAL",1200000,0,CZECH,33,WAS,20,C,L,12,74,200,36,5,6,11,12,-6,2,0,0,30,16.6999999881
"PLANTE, DEREK",750000,0,USA MN,28,DAL,18,C,L,5,71,181,51,6,14,20,16,4,1,0,0,90,6.6999999881
"POAPST, STEVE",150000,0,CAN ONT,30,WAS,33,D,L,1,72,200,22,0,0,0,8,-8,0,0,0,11,0
"PODEIN, SHJON",1200000,0,USA MN,31,COL,25,R,L,6,74,200,55,3,6,9,24,-5,0,0,0,75,4
"PODOLLAN, JASON",410000,0,CAN BC,23,LA,28,R,R,1,73,181,10,0,0,0,5,-3,0,0,0,9,0
"POESCHEK, RUDY",-999,0,CAN BC,32,STL,20,D,R,10,74,218,16,0,0,0,33,0,0,0,0,8,0
"POPOVIC, PETER",1400000,0,SWEDEN,31,NYR,34,D,L,5,77,239,68,1,4,5,40,-12,0,0,0,64,1.5999999978
"POTI, TOM",825000,0,USA MA,22,EDM,5,D,L,0,74,187,73,5,16,21,42,10,2,0,3,94,5.299999997
"POULIN, PATRICK",725000,0,CAN QUE,26,MON,37,L,L,7,73,208,81,8,17,25,21,6,0,1,1,87,9.1999999881
"PRATT, NOLAN",450000,0,CAN ALB,24,CAR,4,D,L,2,74,200,61,1,14,15,95,15,0,0,1,46,2.1999999955
"PRIMEAU, KEITH",-999,0,CAN ONT,27,CAR,55,C,L,8,76,220,78,30,32,62,75,8,9,1,5,178,16.8999999762
"PRIMEAU, WAYNE",-999,0,CAN ONT,23,BUF,22,C,L,4,75,200,67,5,8,13,38,-6,0,0,0,55,9.099999994
"PROBERT, BOB",1800000,0,CAN ONT,34,CHI,24,L,L,12,75,225,78,7,14,21,206,-11,0,0,3,87,8
"PRONGER, CHRIS",-999,0,CAN ONT,24,STL,44,D,L,5,77,215,67,13,33,46,113,3,8,0,0,172,7.599999994
"PRONGER, SEAN",400000,0,CAN ONT,26,LA,29,C,L,3,75,205,29,0,4,4,8,-1,0,0,0,14,0
"PROSPAL, VACLAV",600000,0,CZECH,24,OTT,13,C,L,2,74,180,79,10,26,36,58,8,2,0,3,114,8.7999999821
"PUSHOR, JAMIE",650000,0,CAN ALB,26,ANA,4,D,R,3,75,215,70,1,2,3,112,-20,0,0,0,75,1.299999997
"QUINT, DERON",484000,0,USA NH,23,PHO,5,D,L,3,73,182,60,5,8,13,20,-10,2,0,0,94,5.299999997
"QUINTAL, STEPHANE",3950000,0,CAN QUE,30,MON,5,D,R,10,75,220,82,8,19,27,84,-23,1,1,4,159,5
"RAGNARSSON, MARCUS",925000,0,SWEDEN,28,SJ,10,D,L,3,73,215,74,0,13,13,66,7,0,0,0,87,0
"RANHEIM, PAUL",650000,0,USA MO,33,CAR,28,L,R,10,72,195,78,9,10,19,39,4,0,2,1,67,13.3999999762
"RASMUSSEN, ERIK",875000,0,USA MN,22,BUF,9,L,L,1,74,195,42,3,7,10,37,6,0,0,0,40,7.5
"RATCHUK, PETER",675000,0,USA NY,22,FLA,6,D,L,0,72,175,24,1,1,2,10,-1,0,0,0,34,2.8999999985
"RATHJE, MIKE",900000,0,CAN ALB,25,SJ,40,D,L,5,77,220,82,5,9,14,36,15,2,0,1,67,7.5
"RAY, ROB",800000,0,CAN ONT,31,BUF,32,R,L,9,72,203,76,0,4,4,261,-2,0,0,0,23,0
"REASONER, MARTY",-999,0,USA NY,21,STL,15,C,L,0,73,185,22,3,7,10,8,2,1,0,0,33,9.099999994
"RECCHI, MARK",5000000,0,CAN BC,31,PHI,11,R,L,10,70,185,71,16,37,53,34,-7,3,0,2,171,9.3999999762
"REDDEN, WADE",1625000,0,CAN SAS,22,OTT,6,D,L,2,74,195,72,8,21,29,54,7,3,0,1,127,6.299999997
"REEKIE, JOE",1020000,0,CAN BC,34,WAS,29,D,L,13,75,220,73,0,10,10,68,12,0,0,0,81,0
"REICHEL, ROBERT",-999,0,CZECH,28,PHO,16,C,L,7,71,185,83,26,43,69,54,-13,8,1,4,236,11
"REID, DAVE",475000,0,CAN ONT,35,DAL,14,L,L,15,73,217,73,6,11,17,16,0,1,0,1,81,7.3999999911
"REIRDEN, TODD",-999,0,USA IL,28,EDM,46,D,L,0,77,220,17,2,3,5,20,-1,0,0,0,26,7.6999999881
"RENBERG, MIKAEL",1800000,0,SWEDEN,27,PHI,19,L,L,5,73,218,66,15,23,38,18,5,6,0,2,154,9.6999999881
"RHEAUME, PASCAL",-999,0,CAN QUE,26,STL,25,L,L,2,72,195,60,9,18,27,24,10,2,0,0,85,10.599999994
"RICCI, MIKE",1550000,0,CAN ONT,27,SJ,18,C,L,8,72,190,82,13,26,39,68,1,2,1,2,98,13.2999999821
"RICHARDSON, LUKE",2500000,0,CAN ONT,30,PHI,22,D,L,11,75,210,78,0,6,6,106,-3,0,0,0,49,0
"RICHER, STEPHANE",2067962,0,CAN QUE,33,TB,44,R,R,14,74,215,64,12,21,33,22,-10,3,2,1,139,8.599999994
"RICHTER, BARRY",550000,0,USA WI,29,NYI,38,D,L,2,74,200,72,6,18,24,34,-4,0,0,2,111,5.3999999911
"RITCHIE, BYRON",325000,0,CAN BC,22,CAR,15,C,L,0,70,185,3,0,0,0,0,0,0,0,0,0,0
"RIVERS, JAMIE",632500,0,CAN ONT,24,STL,6,D,L,3,72,190,76,2,5,7,47,-3,1,0,0,78,2.599999994
"RIVET, CRAIG",660000,0,CAN ONT,25,MON,52,D,R,4,74,185,66,2,8,10,66,-3,0,0,0,39,5.099999994
"ROBERTS, GARY",2500000,0,CAN ONT,33,CAR,10,L,L,11,73,190,77,14,28,42,178,2,1,1,4,138,10.099999994
"ROBERTSSON, BERT",400000,1,SWEDEN,25,VAN,18,D,L,1,74,205,39,2,2,4,13,-7,0,0,0,13,15.3999999762
"ROBITAILLE, LUC",3500000,0,CAN QUE,33,LA,20,L,L,12,73,195,82,39,35,74,54,-1,11,0,7,292,13.3999999762
"ROBITAILLE, RANDY",400000,0,CAN ONT,23,BOS,21,C,L,2,71,190,4,0,2,2,0,-1,0,0,0,5,0
"ROCHE, DAVE",365000,0,CAN ONT,24,CAL,25,L,L,2,76,225,36,3,3,6,44,-1,1,0,2,30,10
"ROENICK, JEREMY",4200000,0,USA MA,29,PHO,97,C,R,10,72,192,78,24,48,72,130,7,4,0,3,203,11.7999999821
"ROEST, STACY",435000,0,CAN ALB,25,DET,23,C,R,0,69,192,59,4,8,12,14,-7,0,0,1,50,8
"ROLSTON, BRIAN",1300000,0,USA MI,26,NJ,14,R,L,4,73,190,82,24,33,57,14,11,5,5,3,210,11.3999999762
"RONNING, CLIFF",1750000,0,CAN BC,33,NAS,7,C,L,12,68,167,79,20,40,60,42,-3,10,0,4,257,7.799999997
"ROSA, PAVEL",850000,0,CZECH,22,LA,55,R,R,0,71,178,29,4,12,16,6,0,0,0,0,61,6.599999994
"ROUSE, BOB",2523598,0,CAN BC,35,SJ,3,D,R,15,73,215,70,0,11,11,44,0,0,0,0,75,0
"ROYER, REMI",750000,0,CAN QUE,21,CHI,6,D,R,0,74,185,18,0,0,0,67,-10,0,0,0,24,0
"RUCCHIN, STEVE",2050000,0,CAN ONT,28,ANA,20,C,L,4,75,215,69,23,39,62,22,11,5,1,5,145,15.8999999762
"RUCINSKI, MIKE",2400000,0,USA MI,24,CAR,46,D,L,1,71,185,15,0,1,1,8,1,0,0,0,8,0
"RUCINSKY, MARTIN",-999,0,CZECH,28,MON,26,L,L,7,71,185,73,17,17,34,50,-25,5,0,1,180,9.3999999762
"RUSSELL, CAM",-999,0,CAN NS,30,COL,4,D,L,9,76,200,42,1,2,3,94,-4,0,0,0,15,6.6999999881
"RYAN, TERRY",-999,0,CAN NFD,22,MON,14,L,L,2,73,201,1,0,0,0,5,0,0,0,0,0,0
"RYCHEL, WARREN",-999,0,CAN ONT,32,COL,16,L,L,8,72,202,28,0,2,2,63,3,0,0,0,15,0
"SACCO, JOE",450000,0,USA MA,30,NYI,14,L,L,8,73,195,73,3,0,3,45,-24,0,1,2,84,3.599999994
"SAKIC, JOE",2000000,0,CAN BC,30,COL,19,C,L,10,71,185,73,41,55,96,29,23,12,5,6,255,16.0999999642
"SALEI, RUSLAN",850000,0,USSR,24,ANA,24,D,L,2,74,200,74,2,14,16,65,1,1,0,0,123,1.5999999978
"SALO, SAMI",630000,0,FINLAND,25,OTT,5,D,R,0,75,190,61,7,12,19,24,20,2,0,1,106,6.599999994
"SAMSONOV, SERGEI",925000,0,USSR,20,BOS,14,L,R,1,68,184,79,25,26,51,18,-6,6,0,8,160,15.599999994
"SAMUELSSON, KJELL",-999,0,SWEDEN,40,TB,28,D,R,12,78,235,46,1,4,5,38,-6,0,0,0,22,4.5
"SAMUELSSON, ULF",2200000,0,SWEDEN,35,DET,2,D,L,14,73,200,71,4,8,12,99,5,0,0,0,39,10.2999999821
"SANDERSON, GEOFF",1500000,0,CAN NWT,27,BUF,80,L,L,8,72,190,75,12,18,30,22,8,1,0,1,155,7.6999999881
"SANDSTROM, TOMAS",-999,0,FINLAND,35,ANA,17,L,L,14,74,205,58,15,17,32,42,-5,7,0,2,107,14
"SARAULT, YVES",500000,1,CAN QUE,26,OTT,37,L,L,4,73,170,11,0,1,1,4,1,0,0,0,7,0
"SARICH, CORY",700000,0,CAN SAS,21,BUF,6,D,R,0,75,175,4,0,0,0,0,3,0,0,0,2,0
"SATAN, MIROSLAV",2250000,0,CZECH,24,BUF,81,L,L,3,73,195,81,40,26,66,44,24,13,3,6,208,19.1999999881
"SAVAGE, ANDRE",430000,0,CAN ONT,24,BOS,28,C,R,0,72,195,6,1,0,1,0,2,0,0,0,8,12.5
"SAVAGE, BRIAN",1900000,0,CAN ONT,28,MON,49,L,L,5,74,192,54,16,10,26,20,-14,5,0,4,124,12.8999999762
"SAVARD, MARC",750000,0,CAN ONT,22,NYR,33,C,L,1,70,180,70,9,36,45,38,-7,4,0,1,116,7.799999997
"SAVOIA, RYAN",-999,0,CAN ONT,26,PIT,18,C,R,0,72,195,3,0,0,0,0,-1,0,0,0,0,0
"SCATCHARD, DAVE",575000,0,CAN ALB,23,VAN,20,C,R,1,74,190,82,13,13,26,140,-12,0,2,2,130,10
"SCHAEFER, PETER",375000,0,CAN SAS,22,VAN,29,L,L,0,71,187,25,4,4,8,8,-1,1,0,1,24,16.6999999881
"SCHNEIDER, MATHIEU",2750000,0,USA NY,30,NYR,25,D,L,10,71,192,75,10,24,34,71,-19,5,0,2,159,6.299999997
"SCHULTZ, RAY",300000,0,CAN ALB,22,NYI,36,D,L,1,74,200,4,0,0,0,7,-2,0,0,0,2,0
"SELANNE, TEEMU",5450000,0,FINLAND,29,ANA,8,R,R,6,72,200,75,47,60,107,30,18,25,0,7,281,16.6999999881
"SELIVANOV, ALEXANDER",1700000,0,USSR,28,EDM,28,R,L,4,73,195,72,14,19,33,42,-8,2,0,1,177,7.8999999911
"SEROWIK, JEFF",-999,0,USA NH,32,PIT,16,D,R,2,72,190,26,0,6,6,16,-4,0,0,0,26,0
"SEVERYN, BRENT",-999,0,CAN ALB,33,DAL,17,L,L,6,74,211,30,1,2,3,50,-2,0,0,0,22,4.5
"SHAIRIFIJANOV, VADIM",-999,0,USSR,23,NJ,8,R,L,1,71,205,53,11,16,27,28,11,1,0,2,71,15.5
"SHANAHAN, BRENDAN",4000000,0,CAN ONT,30,DET,14,R,R,11,75,220,81,31,27,58,123,2,5,0,5,288,10.7999999821
"SHANNON, DARRYL",1000000,0,CAN ONT,31,BUF,8,D,L,10,74,208,71,3,12,15,52,28,1,0,0,80,3.799999997
"SHANTZ, JEFF",825000,0,CAN ALB,25,CAL,11,C,R,5,72,185,76,13,17,30,44,14,1,1,3,82,15.8999999762
"SHAW, BRAD",-999,0,CAN ONT,35,STL,28,D,R,10,72,190,16,0,0,0,8,0,0,0,0,15,0
"SHEPPARD, RAY",-999,0,CAN ONT,33,CAR,26,R,R,11,73,195,74,25,33,58,16,4,5,0,4,188,13.2999999821
"SILLINGER, MIKE",800000,0,CAN SAS,28,TB,26,R,R,8,70,191,79,8,5,13,36,-29,0,2,0,92,8.6999999881
"SIM, JON",475000,0,CAN NS,21,DAL,49,C,L,0,69,175,7,1,0,1,12,1,0,0,0,8,12.5
"SIMON, CHRIS",1320000,0,CAN ONT,27,WAS,17,L,L,6,75,225,23,3,7,10,48,-4,0,0,0,29,10.2999999821
"SIMPSON, REID",-999,0,CAN MAN,30,CHI,33,R,L,6,73,220,53,5,4,9,145,2,1,0,0,23,21.6999999881
"SIMPSON, TODD",1066000,0,CAN BC,26,CAL,27,D,L,3,75,215,73,2,8,10,151,18,0,0,0,52,3.799999997
"SKALDE, JARROD",400000,0,CAN ONT,28,SJ,8,C,L,6,72,175,17,1,1,2,4,-6,0,0,0,17,5.8999999911
"SKOPINTSEV, ANDREI",450000,0,USSR,27,TB,46,D,R,0,72,185,19,1,1,2,10,1,0,0,0,17,5.8999999911
"SKRASTINS, KARLIS",360000,0,USSR,25,NAS,40,D,L,0,73,196,2,0,1,1,0,0,0,0,0,0,0
"SKRBEK, PAVEL",800000,0,CZECH,21,PIT,46,D,L,0,75,200,4,0,0,0,2,2,0,0,0,1,0
"SKRUDLAND, BRIAN",1650000,0,CAN ALB,36,DAL,10,C,L,13,72,196,40,4,1,5,33,2,0,0,1,33,12.099999994
"SLANEY, JOHN",400000,0,CAN NFD,27,NAS,27,D,L,5,72,185,46,2,12,14,14,-12,0,0,1,84,2.3999999985
"SLEGR, JIRI",1100000,0,CZECH,28,PIT,71,D,L,5,73,210,63,3,20,23,86,13,1,0,0,91,3.299999997
"SLOAN, BLAKE",357500,0,USA IL,24,DAL,11,R,R,0,70,193,14,0,0,0,10,-1,0,0,0,7,0
"SMEHLIK, RICHARD",1350000,0,CZECH,29,BUF,42,D,L,5,75,222,72,3,11,14,44,-9,0,0,0,61,4.8999999911
"SMITH, BRANDON",425000,0,CAN BC,26,BOS,53,D,L,0,73,196,5,0,0,0,0,2,0,0,0,2,0
"SMITH, DAN",300000,0,CAN BC,25,COL,43,D,L,0,74,195,12,0,0,0,9,5,0,0,0,6,0
"SMITH, GEOFF",-999,0,CAN ALB,29,NYR,14,D,L,9,75,200,4,0,0,0,2,-5,0,0,0,0,0
"SMITH, JASON",1100000,0,CAN ALB,25,EDM,21,D,R,5,75,200,72,3,12,15,51,-9,0,0,0,68,4.3999999911
"SMITH, STEVE",1650000,0,SCOTLAN,36,CAL,55,D,L,13,76,215,69,1,14,15,80,3,0,0,0,42,2.3999999985
"SMOLINSKI, BRYAN",1700000,0,USA OH,27,NYI,20,R,R,6,72,202,82,16,24,40,49,-7,7,0,3,223,7.1999999881
"SMYTH, BRAD",375000,0,CAN ONT,26,NAS,12,R,R,3,72,200,3,0,0,0,6,-1,0,0,0,5,0
"SMYTH, RYAN",675000,0,CAN ALB,23,EDM,94,L,L,4,73,190,71,13,18,31,62,0,6,0,2,161,8.099999994
"SONNENBERG, MARTIN",312500,0,CAN ALB,21,PIT,12,L,L,0,72,178,44,1,1,2,19,-2,0,0,0,12,8.2999999821
"SOPEL, BRENT",330000,1,CAN ALB,22,VAN,3,D,R,0,72,185,5,1,0,1,4,-1,1,0,0,5,20
"SOROCHAN, LEE",425000,0,CAN ALB,24,CAL,33,D,L,0,73,210,2,0,0,0,0,-3,0,0,0,5,0
"SOURAY, SHELDON",475000,0,CAN ALB,23,NJ,2,D,L,1,75,235,70,1,7,8,110,5,0,0,0,101,1
"SPACEK, JAROSLAV",500000,0,CZECH,25,FLA,8,D,L,0,71,198,63,3,12,15,28,15,2,1,0,92,3.299999997
"SPRING, COREY",450000,0,CAN BC,28,TB,20,R,R,1,76,214,8,0,1,1,2,0,0,0,0,6,0
"ST. LOUIS, MARTIN",415000,1,CAN QUE,28,CAL,15,C,L,0,69,180,13,1,1,2,10,-2,0,0,0,14,7.099999994
"STAIOS, STEVE",525000,0,CAN ONT,26,VAN,25,R,R,3,72,185,57,0,2,2,54,-12,0,0,0,33,0
"STAPLETON, MIKE",350000,0,CAN ONT,33,PHO,14,R,R,11,70,182,76,9,9,18,34,-6,0,2,2,106,8.5
"STERN, RONNIE",1050000,0,CAN QUE,32,SJ,22,R,R,10,72,195,78,7,9,16,158,-3,1,0,2,94,7.3999999911
"STEVENS, KEVIN",3204011,0,USA MA,34,NYR,17,L,L,11,75,217,81,23,20,43,64,-10,8,0,3,136,16.8999999762
"STEVENS, SCOTT",4152579,0,CAN ONT,35,NJ,4,D,L,16,74,215,75,5,22,27,64,29,0,0,1,111,4.5
"STEVENSON, TURNER",850000,0,CAN BC,27,MON,23,R,R,6,75,220,69,10,17,27,88,6,0,0,2,102,9.7999999821
"STILLMAN, CORY",1250000,0,CAN ONT,25,CAL,16,L,L,4,72,190,76,27,30,57,38,7,9,3,5,175,15.3999999762
"STOCK, P.J.",330000,0,CAN QUE,24,NYR,28,L,L,1,71,190,5,0,0,0,6,-1,0,0,0,0,0
"STRAKA, MARTIN",2000000,0,CZECH,27,PIT,82,C,L,6,70,175,80,35,48,83,26,12,5,4,4,177,19.7999999523
"STRUDWICK, JASON",625000,0,CAN ALB,24,VAN,34,D,L,2,75,207,65,0,3,3,114,-19,0,0,0,25,0
"STUMPEL, JOZEF",1750000,0,CZECH,27,LA,15,C,R,7,73,200,64,13,21,34,10,-18,1,0,1,131,9.8999999762
"STURM, MARCO",875000,0,GERMANY,21,SJ,19,L,L,1,71,178,78,16,22,38,52,7,3,2,3,140,11.3999999762
"SULLIVAN, MIKE",600000,0,USA MA,31,PHO,26,L,L,7,74,190,63,2,4,6,24,-11,0,1,1,66,3
"SULLIVAN, STEVE",825000,0,CAN ONT,25,TOR,11,C,R,3,69,155,63,20,20,40,28,12,4,0,5,110,18.1999999881
"SUNDIN, MATS",7000000,0,SWEDEN,28,TOR,13,C,R,8,74,210,82,31,52,83,58,22,4,0,6,209,14.7999999821
"SUNDSTROM, NIKLAS",600000,0,SWEDEN,24,NYR,24,L,L,3,72,190,81,13,30,43,20,-2,1,2,3,89,14.599999994
"SUTER, GARY",3000000,0,USA WI,35,SJ,20,D,L,13,72,195,1,0,0,0,0,0,0,0,0,1,0
"SUTTER, RON",350000,0,CAN ALB,35,SJ,12,C,R,16,72,180,59,3,6,9,40,-8,0,0,1,67,4.5
"SUTTON, ANDY",875000,0,CAN ONT,24,SJ,42,D,L,0,78,235,31,0,3,3,65,-4,0,0,0,24,0
"SUTTON, KEN",300000,0,CAN ALB,29,NJ,7,D,L,7,72,200,5,1,0,1,0,1,0,0,0,5,20
"SVEHLA, ROBERT",3000000,0,CZECH,30,FLA,24,D,R,4,72,190,80,8,29,37,83,-13,4,0,0,157,5.099999994
"SVEJKOVSKY, YOGI",550000,0,CZECH,22,WAS,34,R,R,2,71,190,25,6,8,14,12,-2,4,0,2,50,12
"SVOBODA, PETR",1500000,0,CZECH,33,TB,23,D,L,14,73,180,59,5,18,23,81,1,1,1,1,83,6
"SWEENEY, DON",1200000,0,CAN NB,33,BOS,32,D,L,10,71,188,81,2,10,12,64,14,0,0,0,79,2.5
"SYDOR, DARRYL",2400000,0,CAN ALB,27,DAL,5,D,L,7,72,200,74,14,34,48,50,-1,9,0,2,163,8.599999994
"SYKORA, MICHAL",-999,0,CZECH,26,TB,23,D,L,5,76,225,10,1,2,3,0,-7,0,0,1,24,4.1999999881
"SYKORA, PETR",475000,0,CZECH,20,NAS,50,C,R,0,74,180,2,0,0,0,0,-1,0,0,0,2,0
"SYKORA, PETR",625000,0,CZECH,22,NJ,17,C,L,3,71,185,80,29,43,72,22,16,15,0,7,222,13.099999994
"SYLVESTER, DEAN",400000,0,USA MA,26,BUF,46,R,R,0,74,185,1,0,0,0,0,-1,0,0,0,1,0
"TAMER, CHRIS",1075000,0,USA MI,28,NYR,4,D,L,5,74,200,63,1,5,6,124,-14,0,0,1,48,2.099999994
"TAYLOR, CHRIS",375000,0,CAN ONT,27,BOS,38,C,L,3,72,185,37,3,5,8,12,-3,0,1,0,60,5
"TAYLOR, TIM",1200000,0,CAN ONT,30,BOS,26,C,L,5,73,185,49,4,7,11,55,-10,0,0,1,76,5.299999997
"TERTYSHNY, DIMITRI",-999,0,USSR,23,PHI,5,D,L,0,73,178,62,2,8,10,30,-1,1,0,0,68,2.8999999985
"TEZIKOV, ALEXEI",437500,0,USSR,21,WAS,4,D,L,0,73,198,5,0,0,0,0,-1,0,0,0,4,0
"THERIEN, CHRIS",1500000,0,CAN ONT,27,PHI,6,D,L,4,75,235,74,3,15,18,48,16,1,0,0,115,2.599999994
"THOMAS, STEVE",2500000,0,ENGLAND,36,TOR,32,L,L,14,71,190,78,28,45,73,33,26,11,0,7,209,13.3999999762
"THOMPSON, ROCKY",340000,0,CAN ALB,22,CAL,22,R,R,1,74,200,3,0,0,0,25,0,0,0,0,0,0
"THORNTON, JOE",925000,0,CAN ONT,20,BOS,6,C,L,1,76,205,81,16,25,41,69,3,7,0,1,128,12.5
"THORNTON, SCOTT",950000,0,CAN ONT,28,MON,24,L,L,8,74,210,47,7,4,11,87,-2,1,0,1,56,12.5
"TIKKANEN, ESA",-999,0,FINLAND,34,NYR,10,L,L,14,73,195,32,0,3,3,38,-5,0,0,0,25,0
"TILEY, BRAD",300000,0,CAN ONT,28,PHO,39,D,L,1,73,185,8,0,0,0,0,-1,0,0,0,1,0
"TIMANDER, MATTIAS",550000,0,SWEDEN,25,BOS,37,D,L,2,73,204,22,0,6,6,10,4,0,0,0,22,0
"TIMONEN, KIMMO",600000,0,FINLAND,24,NAS,44,D,L,0,70,187,50,4,8,12,30,-4,1,0,0,75,5.299999997
"TINORDI, MARK",-999,0,CAN ALB,33,WAS,24,D,L,11,76,218,48,0,6,6,108,-6,0,0,0,32,0
"TITOV, GERMAN",1200000,1,USSR,33,PIT,9,L,L,5,72,190,72,11,45,56,34,18,3,1,3,113,9.6999999881
"TKACHUK, KEITH",4300000,0,USA MA,27,PHO,7,L,L,7,74,215,68,36,32,68,151,22,11,2,7,258,14
"TOCCHET, RICK",2150000,0,CAN ONT,35,PHO,22,R,R,14,72,214,81,26,30,56,147,5,6,1,5,178,14.599999994
"TOMS, JEFF",420000,0,CAN SAS,25,WAS,21,L,L,3,75,195,21,1,5,6,2,0,0,0,0,30,3.299999997
"TRAVERSE, PATRICK",350000,1,CAN QUE,25,OTT,3,D,L,1,75,202,46,1,9,10,22,12,0,0,0,35,2.8999999985
"TREBIL, DAN",450000,0,USA MN,25,ANA,34,D,R,2,75,195,6,0,0,0,0,-2,0,0,0,1,0
"TREMBLAY, YANNICK",400000,0,CAN QUE,23,TOR,38,D,R,2,74,185,35,2,7,9,16,0,0,0,0,37,5.3999999911
"TREPANIER, PASCAL",375000,0,CAN QUE,25,ANA,27,D,R,1,72,205,45,2,4,6,48,0,0,0,1,49,4.099999994
"TRNKA, PAVEL",450000,0,CZECH,23,ANA,7,D,L,1,75,200,63,0,4,4,60,-6,0,0,0,50,0
"TSYPLAKOV, VLADIMIR",632500,0,USSR,30,LA,9,L,L,3,74,200,69,11,12,23,32,-7,0,2,2,111,9.8999999762
"TUCKER, DARCY",750000,0,CAN ALB,24,TB,16,C,L,3,70,175,82,21,22,43,176,-34,8,2,3,178,11.7999999821
"TURCOTTE, DARREN",850000,0,USA MA,31,NAS,9,C,L,10,72,178,40,4,5,9,16,-11,0,0,1,73,5.5
"TURGEON, PIERRE",-999,0,CAN QUE,30,STL,77,C,L,11,73,195,67,31,34,65,36,4,10,0,5,193,16.0999999642
"TVERDOVSKY, OLEG",1700000,0,USSR,23,PHO,10,D,L,4,72,190,82,7,18,25,32,11,2,0,2,117,6
"TWIST, TONY",-999,0,CAN ALB,31,STL,18,L,L,9,72,230,63,2,6,8,149,0,0,0,0,23,8.6999999881
"ULANOV, IGOR",1000000,0,USSR,29,MON,55,D,L,7,73,205,76,3,9,12,109,-3,0,0,0,55,5.5
"VALICEVIC, ROB",350000,0,USA MI,28,NAS,12,C,R,0,74,197,19,4,2,6,2,4,0,0,2,23,17.3999999762
"VALK, GARRY",610918,0,CAN ALB,31,TOR,10,C,L,8,73,205,77,8,21,29,53,8,1,0,0,93,8.599999994
"VAN ALLEN, SHAUN",500000,0,CAN ALB,32,OTT,22,C,L,7,73,200,79,6,11,17,30,3,0,1,0,47,12.7999999821
"VAN IMPE, DARREN",750000,0,CAN SAS,26,BOS,20,D,L,4,72,205,60,5,15,20,66,-5,4,0,0,92,5.3999999911
"VANDENBUSSCHE, RYAN",450000,0,CAN ONT,26,CHI,19,R,R,2,71,187,6,0,0,0,17,0,0,0,0,3,0
"VARADA, VACLAV",600000,0,CZECH,23,BUF,25,R,L,3,72,200,72,7,24,31,61,11,1,0,1,123,5.6999999881
"VASILJEV, HERBERT",400000,0,USSR,23,FLA,37,C,R,0,71,170,5,0,0,0,2,-1,0,0,0,6,0
"VASILYEV, ANDREY",-999,0,USSR,27,PHO,44,L,R,3,69,180,1,0,0,0,0,-2,0,0,0,0,0
"VASKE, DENNIS",-999,0,USA IL,31,BOS,29,D,L,8,74,215,3,0,0,0,6,-3,0,0,0,0,0
"VERBEEK, PAT",-999,0,CAN ONT,35,DAL,16,R,R,16,69,190,78,17,17,34,133,11,8,0,2,134,12.6999999881
"VIRTUE, TERRY",450000,0,CAN ONT,29,BOS,71,D,R,0,72,200,4,0,0,0,0,2,0,0,0,2,0
"VISHEAU, MARK",-999,0,CAN ONT,26,LA,48,D,R,1,76,201,28,1,3,4,107,-7,0,0,0,10,10
"VOPAT, JAN",425000,0,CZECH,26,NAS,5,D,L,3,72,207,55,5,6,11,28,0,0,0,0,46,10.8999999762
"VOPAT, ROMAN",480000,0,CZECH,23,PHI,29,C,L,3,74,221,54,0,3,3,90,-7,0,0,0,27,0
"VOROBIEV, VLADIMIR",-999,0,USSR,26,EDM,34,R,R,2,71,205,2,2,0,2,2,1,0,0,0,5,40
"WALKER, SCOTT",475000,0,CAN QUE,26,NAS,24,R,R,4,69,189,71,15,25,40,103,0,0,1,2,96,15.599999994
"WARD, AARON",650000,0,CAN ONT,26,DET,27,D,R,4,74,210,60,3,8,11,52,-5,0,0,0,46,6.5
"WARD, DIXON",1200000,0,CAN ALB,30,BUF,15,L,R,6,72,200,78,20,24,44,44,10,2,1,4,101,19.7999999523
"WARD, ED",450000,0,CAN ALB,29,CAL,42,R,R,5,75,215,68,3,5,8,67,-4,0,0,0,56,5.3999999911
"WARE, JEFF",495000,0,CAN ONT,22,FLA,15,D,L,2,76,220,6,0,1,1,6,-6,0,0,0,1,0
"WARRENER, RHETT",850000,0,CAN SAS,23,BUF,4,D,R,3,73,209,61,1,7,8,84,2,0,0,0,44,2.299999997
"WARRINER, TODD",775000,1,CAN ONT,25,TOR,8,L,L,4,73,188,53,9,10,19,28,-6,1,0,1,96,9.3999999762
"WASHBURN, STEVE",400000,0,CAN ONT,24,VAN,28,C,L,3,74,185,12,0,0,0,6,-1,0,0,0,6,0
"WATT, MIKE",375000,1,CAN ONT,23,NYI,12,C,L,1,74,212,75,8,17,25,12,-2,0,0,4,75,10.6999999881
"WEBB, STEVE",375000,0,CAN ONT,24,NYI,8,R,R,2,71,195,45,0,0,0,32,-10,0,0,0,18,0
"WEIGHT, DOUG",4300000,0,USA MI,28,EDM,39,C,L,8,71,195,43,6,31,37,12,-8,1,0,0,79,7.599999994
"WEINRICH, ERIC",1900000,0,USA VA,32,MON,22,D,L,10,73,210,80,7,15,22,89,-25,4,0,1,119,5.8999999911
"WELLS, CHRIS",484000,0,CAN ALB,23,FLA,23,C,L,3,78,223,20,0,2,2,31,-4,0,0,0,28,0
"WERENKA, BRAD",700000,0,CAN ALB,30,PIT,5,D,L,4,74,210,81,6,18,24,93,17,1,0,4,77,7.799999997
"WESENBERG, BRIAN",400000,0,CAN ONT,22,PHI,54,R,R,0,75,187,1,0,0,0,5,1,0,0,0,0,0
"WESLEY, GLEN",2300000,0,CAN ALB,30,CAR,2,D,L,11,73,201,74,7,17,24,44,14,0,0,2,112,6.299999997
"WHITE, BRIAN",400000,0,USA MA,23,COL,59,D,R,0,73,180,2,0,0,0,0,0,0,0,0,0,0
"WHITE, PETER",425000,0,CAN QUE,30,PHI,14,C,L,3,71,200,3,0,0,0,0,0,0,0,0,0,0
"WHITE, TODD",-999,0,CAN ONT,24,CHI,26,C,L,1,70,181,35,5,8,13,20,-1,2,0,0,43,11.599999994
"WHITNEY, RAY",1350000,0,CAN ALB,27,FLA,14,L,R,7,69,160,81,26,38,64,18,-3,7,0,6,193,13.5
"WIEMER, JASON",940000,0,CAN BC,23,CAL,24,L,L,4,73,219,78,8,13,21,177,-12,1,0,1,128,6.299999997
"WILKIE, DAVID",-999,0,USA WA,25,TB,49,R,R,4,73,210,46,1,7,8,69,-19,0,0,0,35,2.8999999985
"WILKINSON, NEIL",-999,0,CAN MAN,32,PIT,6,D,R,9,75,200,24,0,0,0,22,-2,0,0,0,11,0
"WILLIS, SHANE",550000,0,CAN ALB,22,CAR,45,R,R,0,72,176,7,0,0,0,0,-2,0,0,0,1,0
"WILM, CLARKE",400000,1,CAN SAS,22,CAL,23,C,L,0,71,204,78,10,8,18,53,11,2,2,0,94,10.599999994
"WILSON, LANDON",550000,0,USA MO,24,BOS,27,R,R,3,74,210,22,3,3,6,17,0,0,0,0,32,9.3999999762
"WILSON, MIKE",675000,0,CAN ONT,24,FLA,7,D,L,3,76,212,34,1,2,3,47,12,0,0,1,48,2.099999994
"WITEHALL, JOHAN",450000,0,SWEDEN,27,NYR,14,L,L,0,73,198,4,0,0,0,0,0,0,0,0,1,0
"WITT, BRENDAN",1000000,0,CAN SAS,24,WAS,19,D,L,3,73,215,54,2,5,7,87,-6,0,0,0,51,3.8999999985
"WOOLLEY, JASON",950000,0,CAN ONT,30,BUF,5,D,L,7,72,188,80,10,33,43,62,16,4,0,2,154,6.5
"WORRELL, PETER",290000,0,CAN QUE,22,FLA,28,L,L,1,78,225,62,4,5,9,258,0,0,0,2,50,8
"WRIGHT, JAMIE",352000,0,CAN ONT,23,DAL,46,L,L,1,72,172,11,0,0,0,0,-3,0,0,0,10,0
"WRIGHT, TYLER",350000,0,CAN SAS,26,PIT,29,C,R,6,71,185,61,0,0,0,90,-2,0,0,0,16,0
"YACHMENEV, VITALI",450000,0,USSR,24,NAS,43,R,L,3,69,185,55,7,10,17,10,-10,0,1,2,83,8.3999999762
"YAKE, TERRY",-999,0,CAN BC,30,STL,27,R,R,8,71,185,60,9,18,27,34,-9,3,0,4,59,15.2999999821
"YASHIN, ALEXEI",3600000,0,USSR,25,OTT,19,C,R,5,75,216,82,44,50,94,54,16,19,0,5,337,13.099999994
"YAWNEY, TRENT",-999,0,CAN SAS,33,CHI,5,D,L,11,75,195,20,0,0,0,32,-6,0,0,0,11,0
"YELLE, STEPHANE",800000,0,CAN ONT,25,COL,26,C,L,3,73,170,72,8,7,15,40,-8,1,0,0,99,8.099999994
"YLONEN, JUHA",600000,0,FINLAND,27,PHO,36,L,L,2,72,183,59,6,17,23,20,18,2,0,1,66,9.099999994
"YORK, HARRY",440000,0,CAN ALB,25,VAN,27,C,L,2,74,220,56,7,9,16,24,-3,1,0,0,60,11.6999999881
"YORK, JASON",1400000,0,CAN ONT,29,OTT,33,D,R,6,73,198,79,4,31,35,48,17,2,0,0,177,2.299999997
"YOUNG, SCOTT",-999,0,USA MA,31,STL,48,R,R,10,72,190,75,24,28,52,27,8,8,0,4,205,11.6999999881
"YSEBAERT, PAUL",-999,0,CAN ONT,33,TB,15,C,L,10,73,194,10,0,1,1,2,-5,0,0,0,10,0
"YUSHKEVICH, DIMITRI",1600000,0,USSR,27,TOR,36,D,R,6,71,208,78,6,22,28,88,25,2,1,0,95,6.299999997
"YZERMAN, STEVE",6000000,0,CAN BC,34,DET,19,C,R,15,71,185,80,29,45,74,42,8,13,2,4,231,12.599999994
"ZAMUNER, ROB",2100000,0,CAN ONT,29,TB,7,L,L,7,74,206,58,8,11,19,24,-15,1,1,2,89,9
"ZEDNIK, RICHARD",650000,0,CZECH,23,WAS,44,R,L,3,70,180,49,9,8,17,50,-6,1,0,2,115,7.799999997
"ZELEPUKIN, VALERI",907500,0,USSR,30,PHI,26,L,L,7,71,195,74,16,9,25,48,0,0,0,5,129,12.3999999762
"ZENT, JASON",350000,0,USA NY,28,PHI,40,L,L,2,71,204,2,0,0,0,0,0,0,0,0,1,0
"ZETTLER, ROB",400000,0,CAN QUE,31,NAS,2,D,L,10,75,200,2,0,0,0,2,-2,0,0,0,0,0
"ZEZEL, PETER",-999,0,CAN ONT,34,VAN,22,C,L,14,71,205,41,6,8,14,16,5,1,0,2,45,13.2999999821
"ZHAMNOV, ALEXEI",3000000,0,USSR,28,CHI,36,C,L,6,73,195,76,20,41,61,50,-10,8,1,2,200,10
"ZHITNIK, ALEXEI",2500000,0,USSR,26,BUF,44,D,L,6,71,195,81,7,26,33,96,-6,3,1,2,185,3.799999997
"ZHOLTOK, SERGEI",425000,0,USSR,26,MON,34,C,R,4,72,190,70,7,15,22,6,-12,2,0,3,102,6.8999999911
"ZMOLEK, DOUG",1250000,0,USA MN,28,CHI,4,D,L,6,74,220,62,0,14,14,102,1,0,0,0,33,0
"ZUBOV, SERGEI",2425000,0,USSR,29,DAL,56,D,R,6,72,195,81,10,41,51,20,9,5,0,3,155,6.5
"ZUBRUS, DAINIUS",660000,0,USSR,21,MON,28,R,L,2,74,210,80,6,10,16,29,-8,0,1,1,80,7.5
"ZYUZIN, ANDREI",875000,0,USSR,21,SJ,4,D,L,1,73,187,25,3,1,4,38,5,2,0,0,44,6.799999997
